game_id,season,game_type,week,gameday,weekday,gametime,away_team,away_score,home_team,home_score,location,result,total,overtime,old_game_id,gsis,nfl_detail_id,pfr,pff,espn,ftn,away_rest,home_rest,away_moneyline,home_moneyline,spread_line,away_spread_odds,home_spread_odds,total_line,under_odds,over_odds,div_game,roof,surface,temp,wind,away_qb_id,home_qb_id,away_qb_name,home_qb_name,away_coach,home_coach,referee,stadium_id,stadium,game_time,is_outdoor
2022_01_BUF_LA,2022,REG,1,2022-09-08,Thursday,20:20,BUF,31.0,LA,10.0,Home,-21.0,41.0,0.0,2022090800,58838.0,,202209080ram,,401437654,5879.0,7,7,-117.0,106.0,-1.0,-112.0,101.0,51.5,-101.0,-111.0,0,dome,matrixturf,,,00-0034857,00-0026498,Josh Allen,Matthew Stafford,Sean McDermott,Sean McVay,Carl Cheffers,LAX01,LA Stadium,2022-09-08,True
2022_01_NO_ATL,2022,REG,1,2022-09-11,Sunday,13:00,NO,27.0,ATL,26.0,Home,-1.0,53.0,0.0,2022091100,58839.0,,202209110atl,,401437650,5880.0,7,7,-228.0,201.0,-6.0,-103.0,-107.0,43.5,-104.0,-108.0,1,closed,fieldturf,,,00-0031503,00-0032268,Jameis Winston,Marcus Mariota,Dennis Allen,Arthur Smith,Alex Kemp,ATL97,ATL Stadium,2022-09-11,True
2022_01_CLE_CAR,2022,REG,1,2022-09-11,Sunday,13:00,CLE,26.0,CAR,24.0,Home,-2.0,50.0,0.0,2022091101,58840.0,,202209110car,,401437651,5881.0,7,7,114.0,-125.0,2.5,-112.0,102.0,42.5,-113.0,100.0,0,outdoors,grass,,,00-0033119,00-0034855,Jacoby Brissett,Baker Mayfield,Kevin Stefanski,Matt Rhule,Brad Rogers,CAR00,CAR Stadium,2022-09-11,True
2022_01_SF_CHI,2022,REG,1,2022-09-11,Sunday,13:00,SF,10.0,CHI,19.0,Home,9.0,29.0,0.0,2022091102,58841.0,,202209110chi,,401437647,5882.0,7,7,-248.0,217.0,-6.5,100.0,-111.0,38.0,-103.0,-109.0,0,outdoors,grass,,,00-0037012,00-0036945,Trey Lance,Justin Fields,Kyle Shanahan,Matt Eberflus,Clay Martin,CHI98,CHI Stadium,2022-09-11,True
2022_01_PIT_CIN,2022,REG,1,2022-09-11,Sunday,13:00,PIT,23.0,CIN,20.0,Home,-3.0,43.0,1.0,2022091103,58842.0,,202209110cin,,401437634,5883.0,7,7,264.0,-308.0,7.5,-119.0,107.0,44.5,101.0,-113.0,1,outdoors,fieldturf,,,00-0033869,00-0036442,Mitch Trubisky,Joe Burrow,Mike Tomlin,Zac Taylor,Shawn Hochuli,CIN00,CIN Stadium,2022-09-11,True
2022_01_PHI_DET,2022,REG,1,2022-09-11,Sunday,13:00,PHI,38.0,DET,35.0,Home,-3.0,73.0,0.0,2022091104,58843.0,,202209110det,,401437648,5884.0,7,7,-240.0,211.0,-6.0,-110.0,-100.0,49.0,-117.0,104.0,0,dome,fieldturf,,,00-0036389,00-0033106,Jalen Hurts,Jared Goff,Nick Sirianni,Dan Campbell,Brad Allen,DET00,DET Stadium,2022-09-11,True
2022_01_IND_HOU,2022,REG,1,2022-09-11,Sunday,13:00,IND,20.0,HOU,20.0,Home,0.0,40.0,1.0,2022091105,58844.0,,202209110htx,,401437637,5885.0,7,7,-290.0,250.0,-7.0,-103.0,-107.0,46.0,-110.0,-102.0,1,closed,astroturf,,,00-0026143,00-0036898,Matt Ryan,Davis Mills,Frank Reich,Lovie Smith,Land Clark,HOU00,HOU Stadium,2022-09-11,True
2022_01_NE_MIA,2022,REG,1,2022-09-11,Sunday,13:00,NE,7.0,MIA,20.0,Home,13.0,27.0,0.0,2022091106,58845.0,,202209110mia,,401437630,5886.0,7,7,140.0,-155.0,3.0,-104.0,-106.0,47.0,-109.0,-103.0,1,outdoors,grass,,,00-0036972,00-0036212,Mac Jones,Tua Tagovailoa,Bill Belichick,Mike McDaniel,John Hussey,MIA00,MIA Stadium,2022-09-11,True
2022_01_BAL_NYJ,2022,REG,1,2022-09-11,Sunday,13:00,BAL,24.0,NYJ,9.0,Home,-15.0,33.0,0.0,2022091107,58846.0,,202209110nyj,,401437632,5887.0,7,7,-265.0,231.0,-6.5,-103.0,-107.0,44.0,-109.0,-103.0,0,outdoors,fieldturf,,,00-0034796,00-0026158,Lamar Jackson,Joe Flacco,John Harbaugh,Robert Saleh,Craig Wrolstad,NYC01,NYJ Stadium,2022-09-11,True
2022_01_JAX_WAS,2022,REG,1,2022-09-11,Sunday,13:00,JAX,22.0,WAS,28.0,Home,6.0,50.0,0.0,2022091109,58847.0,,202209110was,,401437646,5888.0,7,7,143.0,-159.0,3.0,-101.0,-110.0,43.5,-110.0,-102.0,0,outdoors,grass,,,00-0036971,00-0032950,Trevor Lawrence,Carson Wentz,Doug Pederson,Ron Rivera,Tra Blake,WAS00,WAS Stadium,2022-09-11,True
2022_01_KC_ARI,2022,REG,1,2022-09-11,Sunday,16:25,KC,44.0,ARI,21.0,Home,-23.0,65.0,0.0,2022091110,58848.0,,202209110crd,,401437653,5889.0,7,7,-252.0,221.0,-6.0,-107.0,-104.0,54.0,-110.0,-102.0,0,closed,grass,,,00-0033873,00-0035228,Patrick Mahomes,Kyler Murray,Andy Reid,Kliff Kingsbury,Scott Novak,PHO00,ARI Stadium,2022-09-11,True
2022_01_LV_LAC,2022,REG,1,2022-09-11,Sunday,16:25,LV,19.0,LAC,24.0,Home,5.0,43.0,0.0,2022091111,58849.0,,202209110sdg,,401437643,5890.0,7,7,161.0,-180.0,3.5,-106.0,-104.0,52.5,-103.0,-109.0,1,dome,matrixturf,,,00-0031280,00-0036355,Derek Carr,Justin Herbert,Josh McDaniels,Brandon Staley,Shawn Smith,LAX01,LAC Stadium,2022-09-11,True
2022_01_GB_MIN,2022,REG,1,2022-09-11,Sunday,16:25,GB,7.0,MIN,23.0,Home,16.0,30.0,0.0,2022091112,58850.0,,202209110min,,401437649,5891.0,7,7,113.0,-125.0,2.5,-116.0,105.0,47.0,-114.0,101.0,1,dome,sportturf,,,00-0023459,00-0029604,Aaron Rodgers,Kirk Cousins,Matt LaFleur,Kevin O'Connell,Bill Vinovich,MIN01,MIN Stadium,2022-09-11,True
2022_01_NYG_TEN,2022,REG,1,2022-09-11,Sunday,16:25,NYG,21.0,TEN,20.0,Home,-1.0,41.0,0.0,2022091108,58851.0,,202209110oti,,401437640,5892.0,7,7,209.0,-239.0,5.5,-108.0,-102.0,43.5,-101.0,-111.0,0,outdoors,grass,,,00-0035710,00-0029701,Daniel Jones,Ryan Tannehill,Brian Daboll,Mike Vrabel,Jerome Boger,NAS00,TEN Stadium,2022-09-11,True
2022_01_TB_DAL,2022,REG,1,2022-09-11,Sunday,20:20,TB,19.0,DAL,3.0,Home,-16.0,22.0,0.0,2022091113,58852.0,,202209110dal,,401437644,5893.0,7,7,-133.0,120.0,-2.5,-108.0,-102.0,49.5,-102.0,-110.0,0,closed,matrixturf,,,00-0019596,00-0033077,Tom Brady,Dak Prescott,Todd Bowles,Mike McCarthy,Ron Torbert,DAL00,DAL Stadium,2022-09-11,True
2022_01_DEN_SEA,2022,REG,1,2022-09-12,Monday,20:15,DEN,16.0,SEA,17.0,Home,1.0,33.0,0.0,2022091200,58853.0,,202209120sea,,401437655,5894.0,7,7,-253.0,221.0,-6.0,-107.0,-103.0,44.0,-115.0,102.0,0,outdoors,fieldturf,,,00-0029263,00-0030565,Russell Wilson,Geno Smith,Nathaniel Hackett,Pete Carroll,Clete Blakeman,SEA00,SEA Stadium,2022-09-12,True
2022_02_LAC_KC,2022,REG,2,2022-09-15,Thursday,20:15,LAC,24.0,KC,27.0,Home,3.0,51.0,0.0,2022091500,58854.0,,202209150kan,,401434030,5895.0,4,4,167.0,-188.0,4.0,-113.0,102.0,52.5,-101.0,-111.0,1,outdoors,grass,,,00-0036355,00-0033873,Justin Herbert,Patrick Mahomes,Brandon Staley,Andy Reid,John Hussey,KAN00,KC Stadium,2022-09-15,True
2022_02_MIA_BAL,2022,REG,2,2022-09-18,Sunday,13:00,MIA,42.0,BAL,38.0,Home,-4.0,80.0,0.0,2022091800,58855.0,,202209180rav,,401437633,5896.0,7,7,148.0,-164.0,3.0,103.0,-114.0,44.0,-114.0,101.0,0,outdoors,grass,,,00-0036212,00-0034796,Tua Tagovailoa,Lamar Jackson,Mike McDaniel,John Harbaugh,Adrian Hill,BAL00,BAL Stadium,2022-09-18,True
2022_02_NYJ_CLE,2022,REG,2,2022-09-18,Sunday,13:00,NYJ,31.0,CLE,30.0,Home,-1.0,61.0,0.0,2022091801,58856.0,,202209180cle,,401437635,5897.0,7,7,207.0,-235.0,6.5,-111.0,100.0,38.5,-107.0,-105.0,0,outdoors,grass,,,00-0026158,00-0033119,Joe Flacco,Jacoby Brissett,Robert Saleh,Kevin Stefanski,Tra Blake,CLE00,CLE Stadium,2022-09-18,True
2022_02_WAS_DET,2022,REG,2,2022-09-18,Sunday,13:00,WAS,27.0,DET,36.0,Home,9.0,63.0,0.0,2022091802,58857.0,,202209180det,,401437732,5898.0,7,7,-114.0,103.0,-1.0,-107.0,-103.0,48.5,-114.0,101.0,0,dome,fieldturf,,,00-0032950,00-0033106,Carson Wentz,Jared Goff,Ron Rivera,Dan Campbell,Bill Vinovich,DET00,DET Stadium,2022-09-18,True
2022_02_IND_JAX,2022,REG,2,2022-09-18,Sunday,13:00,IND,0.0,JAX,24.0,Home,24.0,24.0,0.0,2022091803,58858.0,,202209180jax,,401437639,5899.0,7,7,-157.0,142.0,-3.0,-107.0,-103.0,43.5,-104.0,-108.0,1,outdoors,grass,,,00-0026143,00-0036971,Matt Ryan,Trevor Lawrence,Frank Reich,Doug Pederson,Alex Kemp,JAX00,JAX Stadium,2022-09-18,True
2022_02_TB_NO,2022,REG,2,2022-09-18,Sunday,13:00,TB,20.0,NO,10.0,Home,-10.0,30.0,0.0,2022091804,58859.0,,202209180nor,,401437652,5900.0,7,7,-138.0,124.0,-2.5,-109.0,-102.0,44.0,-117.0,104.0,1,dome,sportturf,,,00-0019596,00-0031503,Tom Brady,Jameis Winston,Todd Bowles,Dennis Allen,Shawn Hochuli,NOR00,NO Stadium,2022-09-18,True
2022_02_CAR_NYG,2022,REG,2,2022-09-18,Sunday,13:00,CAR,16.0,NYG,19.0,Home,3.0,35.0,0.0,2022091805,58860.0,,202209180nyg,,401437645,5901.0,7,7,-114.0,103.0,-1.0,-106.0,-104.0,44.0,-102.0,-110.0,0,outdoors,fieldturf,,,00-0034855,00-0035710,Baker Mayfield,Daniel Jones,Matt Rhule,Brian Daboll,Ron Torbert,NYC01,NYG Stadium,2022-09-18,True
2022_02_NE_PIT,2022,REG,2,2022-09-18,Sunday,13:00,NE,17.0,PIT,14.0,Home,-3.0,31.0,0.0,2022091806,58861.0,,202209180pit,,401437636,5902.0,7,7,-150.0,135.0,-3.0,-102.0,-109.0,40.0,-101.0,-111.0,0,outdoors,grass,,,00-0036972,00-0033869,Mac Jones,Mitch Trubisky,Bill Belichick,Mike Tomlin,Land Clark,PIT00,PIT Stadium,2022-09-18,True
2022_02_ATL_LA,2022,REG,2,2022-09-18,Sunday,16:05,ATL,27.0,LA,31.0,Home,4.0,58.0,0.0,2022091807,58862.0,,202209180ram,,401437733,5903.0,7,10,385.0,-473.0,10.5,-113.0,103.0,46.5,-116.0,103.0,0,dome,matrixturf,,,00-0032268,00-0026498,Marcus Mariota,Matthew Stafford,Arthur Smith,Sean McVay,Clay Martin,LAX01,LA Stadium,2022-09-18,True
2022_02_SEA_SF,2022,REG,2,2022-09-18,Sunday,16:05,SEA,7.0,SF,27.0,Home,20.0,34.0,0.0,2022091808,58863.0,,202209180sfo,,401437605,5904.0,6,7,318.0,-379.0,8.5,-113.0,102.0,40.0,-112.0,-100.0,1,outdoors,grass,,,00-0030565,00-0037012,Geno Smith,Trey Lance,Pete Carroll,Kyle Shanahan,Brad Rogers,SFO01,SF Stadium,2022-09-18,True
2022_02_CIN_DAL,2022,REG,2,2022-09-18,Sunday,16:25,CIN,17.0,DAL,20.0,Home,3.0,37.0,0.0,2022091809,58864.0,,202209180dal,,401437734,5905.0,7,7,-303.0,260.0,-7.5,110.0,-122.0,42.0,-104.0,-108.0,0,closed,matrixturf,,,00-0036442,00-0033662,Joe Burrow,Cooper Rush,Zac Taylor,Mike McCarthy,Brad Allen,DAL00,DAL Stadium,2022-09-18,True
2022_02_HOU_DEN,2022,REG,2,2022-09-18,Sunday,16:25,HOU,9.0,DEN,16.0,Home,7.0,25.0,0.0,2022091810,58865.0,,202209180den,,401437641,5906.0,7,6,391.0,-481.0,10.5,-114.0,103.0,46.0,-110.0,-102.0,0,outdoors,grass,,,00-0036898,00-0029263,Davis Mills,Russell Wilson,Lovie Smith,Nathaniel Hackett,Carl Cheffers,DEN00,DEN Stadium,2022-09-18,True
2022_02_ARI_LV,2022,REG,2,2022-09-18,Sunday,16:25,ARI,29.0,LV,23.0,Home,-6.0,52.0,1.0,2022091811,58866.0,,202209180rai,,401437642,5907.0,7,7,197.0,-223.0,5.5,-110.0,100.0,51.5,-105.0,-107.0,0,dome,grass,,,00-0035228,00-0031280,Kyler Murray,Derek Carr,Kliff Kingsbury,Josh McDaniels,Clete Blakeman,VEG00,LV Stadium,2022-09-18,True
2022_02_CHI_GB,2022,REG,2,2022-09-18,Sunday,20:20,CHI,10.0,GB,27.0,Home,17.0,37.0,0.0,2022091812,58867.0,,202209180gnb,,401437606,5908.0,7,7,348.0,-420.0,10.5,-111.0,100.0,42.0,-104.0,-108.0,1,outdoors,grass,,,00-0036945,00-0023459,Justin Fields,Aaron Rodgers,Matt Eberflus,Matt LaFleur,Craig Wrolstad,GNB00,GB Stadium,2022-09-18,True
2022_02_TEN_BUF,2022,REG,2,2022-09-19,Monday,19:15,TEN,7.0,BUF,41.0,Home,34.0,48.0,0.0,2022091900,58868.0,,202209190buf,,401436831,5909.0,8,11,329.0,-395.0,10.0,-115.0,104.0,47.5,-108.0,-104.0,0,outdoors,a_turf,,,00-0029701,00-0034857,Ryan Tannehill,Josh Allen,Mike Vrabel,Sean McDermott,Shawn Smith,BUF00,BUF Stadium,2022-09-19,True
2022_02_MIN_PHI,2022,REG,2,2022-09-19,Monday,20:30,MIN,7.0,PHI,24.0,Home,17.0,31.0,0.0,2022091901,58869.0,,202209190phi,,401436832,5910.0,8,8,127.0,-141.0,2.5,106.0,-117.0,49.5,-115.0,102.0,0,outdoors,grass,,,00-0029604,00-0036389,Kirk Cousins,Jalen Hurts,Kevin O'Connell,Nick Sirianni,Scott Novak,PHI00,PHI Stadium,2022-09-19,True
2022_03_PIT_CLE,2022,REG,3,2022-09-22,Thursday,20:15,PIT,17.0,CLE,29.0,Home,12.0,46.0,0.0,2022092200,58870.0,,202209220cle,,401437735,5911.0,4,4,183.0,-206.0,4.5,-111.0,101.0,38.0,-107.0,-105.0,1,outdoors,grass,,,00-0033869,00-0033119,Mitch Trubisky,Jacoby Brissett,Mike Tomlin,Kevin Stefanski,Clay Martin,CLE00,CLE Stadium,2022-09-22,True
2022_03_NO_CAR,2022,REG,3,2022-09-25,Sunday,13:00,NO,14.0,CAR,22.0,Home,8.0,36.0,0.0,2022092500,58871.0,,202209250car,,401437736,5912.0,7,7,-123.0,112.0,-2.0,-102.0,-109.0,41.0,-112.0,-100.0,1,outdoors,grass,,,00-0031503,00-0034855,Jameis Winston,Baker Mayfield,Dennis Allen,Matt Rhule,Carl Cheffers,CAR00,CAR Stadium,2022-09-25,True
2022_03_HOU_CHI,2022,REG,3,2022-09-25,Sunday,13:00,HOU,20.0,CHI,23.0,Home,3.0,43.0,0.0,2022092501,58872.0,,202209250chi,,401437737,5913.0,7,7,141.0,-156.0,3.0,-107.0,-103.0,40.0,-107.0,-105.0,0,outdoors,grass,,,00-0036898,00-0036945,Davis Mills,Justin Fields,Lovie Smith,Matt Eberflus,Clete Blakeman,CHI98,CHI Stadium,2022-09-25,True
2022_03_KC_IND,2022,REG,3,2022-09-25,Sunday,13:00,KC,17.0,IND,20.0,Home,3.0,37.0,0.0,2022092502,58873.0,,202209250clt,,401437638,5914.0,10,7,-199.0,177.0,-4.5,103.0,-114.0,51.0,-105.0,-107.0,0,open,fieldturf,,,00-0033873,00-0026143,Patrick Mahomes,Matt Ryan,Andy Reid,Frank Reich,Shawn Smith,IND00,IND Stadium,2022-09-25,True
2022_03_BUF_MIA,2022,REG,3,2022-09-25,Sunday,13:00,BUF,19.0,MIA,21.0,Home,2.0,40.0,0.0,2022092503,58874.0,,202209250mia,,401437738,5915.0,6,7,-196.0,175.0,-4.0,-104.0,-106.0,54.0,-103.0,-109.0,1,outdoors,grass,,,00-0034857,00-0036212,Josh Allen,Tua Tagovailoa,Sean McDermott,Mike McDaniel,Alex Kemp,MIA00,MIA Stadium,2022-09-25,True
2022_03_DET_MIN,2022,REG,3,2022-09-25,Sunday,13:00,DET,24.0,MIN,28.0,Home,4.0,52.0,0.0,2022092504,58875.0,,202209250min,,401437739,5916.0,7,6,232.0,-266.0,6.5,-101.0,-110.0,52.0,-117.0,104.0,1,dome,sportturf,,,00-0033106,00-0029604,Jared Goff,Kirk Cousins,Dan Campbell,Kevin O'Connell,John Hussey,MIN01,MIN Stadium,2022-09-25,True
2022_03_BAL_NE,2022,REG,3,2022-09-25,Sunday,13:00,BAL,37.0,NE,26.0,Home,-11.0,63.0,0.0,2022092505,58876.0,,202209250nwe,,401437631,5917.0,7,7,-143.0,129.0,-2.5,-114.0,104.0,45.5,-109.0,-103.0,0,outdoors,fieldturf,,,00-0034796,00-0036972,Lamar Jackson,Mac Jones,John Harbaugh,Bill Belichick,Bill Vinovich,BOS00,NE Stadium,2022-09-25,True
2022_03_CIN_NYJ,2022,REG,3,2022-09-25,Sunday,13:00,CIN,27.0,NYJ,12.0,Home,-15.0,39.0,0.0,2022092506,58877.0,,202209250nyj,,401437740,5918.0,7,7,-247.0,220.0,-6.5,104.0,-115.0,46.0,-106.0,-106.0,0,outdoors,fieldturf,,,00-0036442,00-0026158,Joe Burrow,Joe Flacco,Zac Taylor,Robert Saleh,Jerome Boger,NYC01,NYJ Stadium,2022-09-25,True
2022_03_LV_TEN,2022,REG,3,2022-09-25,Sunday,13:00,LV,22.0,TEN,24.0,Home,2.0,46.0,0.0,2022092507,58878.0,,202209250oti,,401437741,5919.0,7,6,-130.0,117.0,-1.5,-113.0,103.0,45.5,-109.0,-103.0,0,outdoors,grass,,,00-0031280,00-0029701,Derek Carr,Ryan Tannehill,Josh McDaniels,Mike Vrabel,Brad Rogers,NAS00,TEN Stadium,2022-09-25,True
2022_03_PHI_WAS,2022,REG,3,2022-09-25,Sunday,13:00,PHI,24.0,WAS,8.0,Home,-16.0,32.0,0.0,2022092508,58879.0,,202209250was,,401437742,5920.0,6,7,-240.0,210.0,-6.0,102.0,-112.0,47.0,-101.0,-111.0,1,outdoors,grass,,,00-0036389,00-0032950,Jalen Hurts,Carson Wentz,Nick Sirianni,Ron Rivera,Ron Torbert,WAS00,WAS Stadium,2022-09-25,True
2022_03_JAX_LAC,2022,REG,3,2022-09-25,Sunday,16:05,JAX,38.0,LAC,10.0,Home,-28.0,48.0,0.0,2022092509,58880.0,,202209250sdg,,401437743,5921.0,7,10,220.0,-252.0,6.5,-106.0,-104.0,46.0,-112.0,-100.0,0,dome,matrixturf,,,00-0036971,00-0036355,Trevor Lawrence,Justin Herbery,Doug Pederson,Brandon Staley,Craig Wrolstad,LAX01,LAC Stadium,2022-09-25,True
2022_03_LA_ARI,2022,REG,3,2022-09-25,Sunday,16:25,LA,20.0,ARI,12.0,Home,-8.0,32.0,0.0,2022092510,58881.0,,202209250crd,,401437744,5922.0,7,7,-171.0,153.0,-3.5,104.0,-115.0,49.0,-114.0,102.0,1,closed,grass,,,00-0026498,00-0035228,Matthew Stafford,Kyler Murray,Sean McVay,Kliff Kingsbury,Adrian Hill,PHO00,ARI Stadium,2022-09-25,True
2022_03_ATL_SEA,2022,REG,3,2022-09-25,Sunday,16:25,ATL,27.0,SEA,23.0,Home,-4.0,50.0,0.0,2022092511,58882.0,,202209250sea,,401437745,5923.0,7,7,-104.0,-106.0,1.0,-112.0,102.0,43.0,103.0,-115.0,0,outdoors,fieldturf,,,00-0032268,00-0030565,Marcus Mariota,Geno Smith,Arthur Smith,Pete Carroll,Tra Blake,SEA00,SEA Stadium,2022-09-25,True
2022_03_GB_TB,2022,REG,3,2022-09-25,Sunday,16:25,GB,14.0,TB,12.0,Home,-2.0,26.0,0.0,2022092512,58883.0,,202209250tam,,401437607,5924.0,7,7,112.0,-123.0,1.0,105.0,-115.0,41.5,-103.0,-109.0,0,outdoors,grass,,,00-0023459,00-0019596,Aaron Rodgers,Tom Brady,Matt LaFleur,Todd Bowles,Scott Novak,TAM00,TB Stadium,2022-09-25,True
2022_03_SF_DEN,2022,REG,3,2022-09-25,Sunday,20:20,SF,10.0,DEN,11.0,Home,1.0,21.0,0.0,2022092513,58884.0,,202209250den,,401437746,5925.0,7,7,-110.0,-101.0,-1.0,-102.0,-108.0,44.0,101.0,-114.0,0,outdoors,grass,,,00-0031345,00-0029263,Jimmy Garoppolo,Russell Wilson,Kyle Shanahan,Nathaniel Hackett,Shawn Hochuli,DEN00,DEN Stadium,2022-09-25,True
2022_03_DAL_NYG,2022,REG,3,2022-09-26,Monday,20:15,DAL,23.0,NYG,16.0,Home,-7.0,39.0,0.0,2022092600,58885.0,,202209260nyg,,401437747,5926.0,8,8,109.0,-120.0,1.0,103.0,-113.0,38.5,-102.0,-110.0,1,outdoors,fieldturf,,,00-0033662,00-0035710,Cooper Rush,Daniel Jones,Mike McCarthy,Brian Daboll,Land Clark,NYC01,NYG Stadium,2022-09-26,True
2022_04_MIA_CIN,2022,REG,4,2022-09-29,Thursday,20:15,MIA,15.0,CIN,27.0,Home,12.0,42.0,0.0,2022092900,58886.0,,202209290cin,,401437748,5927.0,4,4,169.0,-190.0,4.0,-107.0,-103.0,48.5,-103.0,-109.0,0,outdoors,fieldturf,,,00-0036212,00-0036442,Tua Tagovailoa,Joe Burrow,Mike McDaniel,Zac Taylor,Tra Blake,CIN00,CIN Stadium,2022-09-29,True
2022_04_MIN_NO,2022,REG,4,2022-10-02,Sunday,09:30,MIN,28.0,NO,25.0,Neutral,-3.0,53.0,0.0,2022100200,58887.0,,202210020nor,,401435639,5928.0,7,7,-199.0,177.0,-4.0,-103.0,-107.0,42.0,-110.0,-102.0,0,outdoors,,,,00-0029604,00-0027973,Kirk Cousins,Andy Dalton,Kevin O'Connell,Dennis Allen,Clete Blakeman,LON02,NO Stadium,2022-10-02,True
2022_04_CLE_ATL,2022,REG,4,2022-10-02,Sunday,13:00,CLE,20.0,ATL,23.0,Home,3.0,43.0,0.0,2022100201,58888.0,,202210020atl,,401437749,5929.0,10,7,-107.0,-103.0,-1.0,-101.0,-109.0,48.0,-100.0,-112.0,0,open,fieldturf,,,00-0033119,00-0032268,Jacoby Brissett,Marcus Mariota,Kevin Stefanski,Arthur Smith,Craig Wrolstad,ATL97,ATL Stadium,2022-10-02,True
2022_04_BUF_BAL,2022,REG,4,2022-10-02,Sunday,13:00,BUF,23.0,BAL,20.0,Home,-3.0,43.0,0.0,2022100202,58889.0,,202210020rav,,401437750,5930.0,7,7,-172.0,154.0,-3.0,-117.0,106.0,50.0,-103.0,-109.0,0,outdoors,grass,,,00-0034857,00-0034796,Josh Allen,Lamar Jackson,Sean McDermott,John Harbaugh,Jerome Boger,BAL00,BAL Stadium,2022-10-02,True
2022_04_WAS_DAL,2022,REG,4,2022-10-02,Sunday,13:00,WAS,10.0,DAL,25.0,Home,15.0,35.0,0.0,2022100204,58890.0,,202210020dal,,401437751,5931.0,7,6,140.0,-155.0,3.0,-110.0,-101.0,40.5,-101.0,-111.0,1,closed,matrixturf,,,00-0032950,00-0033662,Carson Wentz,Cooper Rush,Ron Rivera,Mike McCarthy,Shawn Smith,DAL00,DAL Stadium,2022-10-02,True
2022_04_SEA_DET,2022,REG,4,2022-10-02,Sunday,13:00,SEA,48.0,DET,45.0,Home,-3.0,93.0,0.0,2022100205,58891.0,,202210020det,,401437752,5932.0,7,7,151.0,-169.0,3.0,103.0,-113.0,48.5,-112.0,-101.0,0,dome,fieldturf,,,00-0030565,00-0033106,Geno Smith,Jared Goff,Pete Carroll,Dan Campbell,Clay Martin,DET00,DET Stadium,2022-10-02,True
2022_04_LAC_HOU,2022,REG,4,2022-10-02,Sunday,13:00,LAC,34.0,HOU,24.0,Home,-10.0,58.0,0.0,2022100206,58892.0,,202210020htx,,401437753,5933.0,7,7,-234.0,205.0,-5.5,-106.0,-104.0,45.0,102.0,-115.0,0,closed,astroturf,,,00-0036355,00-0036898,Justin Herbert,Davis Mills,Brandon Staley,Lovie Smith,Alex Kemp,HOU00,HOU Stadium,2022-10-02,True
2022_04_TEN_IND,2022,REG,4,2022-10-02,Sunday,13:00,TEN,24.0,IND,17.0,Home,-7.0,41.0,0.0,2022100207,58893.0,,202210020clt,,401437754,5934.0,7,7,182.0,-205.0,4.5,-105.0,-105.0,43.0,-102.0,-110.0,1,open,fieldturf,,,00-0029701,00-0026143,Ryan Tannehill,Matt Ryan,Mike Vrabel,Frank Reich,Scott Novak,IND00,IND Stadium,2022-10-02,True
2022_04_CHI_NYG,2022,REG,4,2022-10-02,Sunday,13:00,CHI,12.0,NYG,20.0,Home,8.0,32.0,0.0,2022100208,58894.0,,202210020nyg,,401437755,5935.0,7,6,130.0,-144.0,3.0,-120.0,109.0,39.0,-103.0,-110.0,0,outdoors,fieldturf,,,00-0036945,00-0035710,Justin Fields,Daniel Jones,Matt Eberflus,Brian Daboll,Carl Cheffers,NYC01,NYG Stadium,2022-10-02,True
2022_04_JAX_PHI,2022,REG,4,2022-10-02,Sunday,13:00,JAX,21.0,PHI,29.0,Home,8.0,50.0,0.0,2022100209,58895.0,,202210020phi,,401437756,5936.0,7,7,223.0,-256.0,6.5,-109.0,-102.0,44.0,-102.0,-111.0,0,outdoors,grass,,,00-0036971,00-0036389,Trevor Lawrence,Jalen Hurts,Doug Pederson,Nick Sirianni,Shawn Hochuli,PHI00,PHI Stadium,2022-10-02,True
2022_04_NYJ_PIT,2022,REG,4,2022-10-02,Sunday,13:00,NYJ,24.0,PIT,20.0,Home,-4.0,44.0,0.0,2022100210,58896.0,,202210020pit,,401437757,5937.0,7,10,145.0,-161.0,3.0,-102.0,-108.0,41.0,102.0,-115.0,0,outdoors,grass,,,00-0037013,00-0033869,Zach Wilson,Mitch Trubisky,Robert Saleh,Mike Tomlin,Brad Rogers,PIT00,PIT Stadium,2022-10-02,True
2022_04_ARI_CAR,2022,REG,4,2022-10-02,Sunday,16:05,ARI,26.0,CAR,16.0,Home,-10.0,42.0,0.0,2022100203,58897.0,,202210020car,,401437758,5938.0,7,7,102.0,-113.0,1.0,-104.0,-106.0,44.0,-113.0,100.0,0,outdoors,grass,,,00-0035228,00-0034855,Kyler Murray,Baker Mayfield,Kliff Kingsbury,Matt Rhule,John Hussey,CAR00,CAR Stadium,2022-10-02,True
2022_04_NE_GB,2022,REG,4,2022-10-02,Sunday,16:25,NE,24.0,GB,27.0,Home,3.0,51.0,1.0,2022100211,58898.0,,202210020gnb,,401437759,5939.0,7,7,358.0,-435.0,10.0,-120.0,109.0,40.5,-111.0,-101.0,0,outdoors,grass,,,00-0026625,00-0023459,Brian Hoyer,Aaron Rodgers,Bill Belichick,Matt LaFleur,Adrian Hill,GNB00,GB Stadium,2022-10-02,True
2022_04_DEN_LV,2022,REG,4,2022-10-02,Sunday,16:25,DEN,23.0,LV,32.0,Home,9.0,55.0,0.0,2022100212,58899.0,,202210020rai,,401437760,5940.0,7,7,124.0,-137.0,2.5,-101.0,-109.0,45.5,-110.0,-102.0,1,dome,grass,,,00-0029263,00-0031280,Russell Wilson,Derek Carr,Nathaniel Hackett,Josh McDaniels,Land Clark,VEG00,LV Stadium,2022-10-02,True
2022_04_KC_TB,2022,REG,4,2022-10-02,Sunday,20:20,KC,41.0,TB,31.0,Home,-10.0,72.0,0.0,2022100213,58900.0,,202210020tam,,401437470,5941.0,7,7,113.0,-125.0,1.0,107.0,-118.0,46.5,102.0,-115.0,0,outdoors,grass,,,00-0033873,00-0019596,Patrick Mahomes,Tom Brady,Andy Reid,Todd Bowles,Bill Vinovich,TAM00,TB Stadium,2022-10-02,True
2022_04_LA_SF,2022,REG,4,2022-10-03,Monday,20:15,LA,9.0,SF,24.0,Home,15.0,33.0,0.0,2022100300,58901.0,,202210030sfo,,401437761,5942.0,8,8,112.0,-124.0,1.0,106.0,-116.0,42.0,-109.0,-103.0,1,outdoors,grass,,,00-0026498,00-0031345,Matthew Stafford,Jimmy Garoppolo,Sean McVay,Kyle Shanahan,Brad Allen,SFO01,SF Stadium,2022-10-03,True
2022_05_IND_DEN,2022,REG,5,2022-10-06,Thursday,20:15,IND,12.0,DEN,9.0,Home,-3.0,21.0,1.0,2022100600,58902.0,,202210060den,,401437762,5943.0,4,4,159.0,-178.0,3.5,-114.0,104.0,42.0,-106.0,-106.0,0,outdoors,grass,,,00-0026143,00-0029263,Matt Ryan,Russell Wilson,Frank Reich,Nathaniel Hackett,Brad Rogers,DEN00,DEN Stadium,2022-10-06,True
2022_05_NYG_GB,2022,REG,5,2022-10-09,Sunday,09:30,NYG,27.0,GB,22.0,Neutral,-5.0,49.0,0.0,2022100900,58903.0,,202210090gnb,,401435640,5944.0,7,7,331.0,-397.0,8.5,104.0,-115.0,42.0,-110.0,-102.0,0,outdoors,,,,00-0035710,00-0023459,Daniel Jones,Aaron Rodgers,Brian Daboll,Matt LaFleur,Alex Kemp,LON02,GB Stadium,2022-10-09,True
2022_05_PIT_BUF,2022,REG,5,2022-10-09,Sunday,13:00,PIT,3.0,BUF,38.0,Home,35.0,41.0,0.0,2022100901,58904.0,,202210090buf,,401437763,5945.0,7,7,568.0,-749.0,14.0,-108.0,-102.0,44.0,-103.0,-110.0,0,outdoors,a_turf,,,00-0038102,00-0034857,Kenny Pickett,Josh Allen,Mike Tomlin,Sean McDermott,John Hussey,BUF00,BUF Stadium,2022-10-09,True
2022_05_LAC_CLE,2022,REG,5,2022-10-09,Sunday,13:00,LAC,30.0,CLE,28.0,Home,-2.0,58.0,0.0,2022100902,58905.0,,202210090cle,,401437764,5946.0,7,7,-114.0,103.0,-1.0,-106.0,-104.0,47.0,-114.0,102.0,0,outdoors,grass,,,00-0036355,00-0033119,Justin Herbert,Jacoby Brissett,Brandon Staley,Kevin Stefanski,Adrian Hill,CLE00,CLE Stadium,2022-10-09,True
2022_05_HOU_JAX,2022,REG,5,2022-10-09,Sunday,13:00,HOU,13.0,JAX,6.0,Home,-7.0,19.0,0.0,2022100903,58906.0,,202210090jax,,401437765,5947.0,7,7,261.0,-304.0,7.0,-113.0,102.0,44.0,-112.0,-101.0,1,outdoors,grass,,,00-0036898,00-0036971,Davis Mills,Trevor Lawrence,Lovie Smith,Doug Pederson,Ron Torbert,JAX00,JAX Stadium,2022-10-09,True
2022_05_CHI_MIN,2022,REG,5,2022-10-09,Sunday,13:00,CHI,22.0,MIN,29.0,Home,7.0,51.0,0.0,2022100904,58907.0,,202210090min,,401437766,5948.0,7,7,322.0,-385.0,10.0,-116.0,105.0,44.0,-106.0,-106.0,1,dome,sportturf,,,00-0036945,00-0029604,Justin Fields,Kirk Cousins,Matt Eberflus,Kevin O'Connell,Shawn Hochuli,MIN01,MIN Stadium,2022-10-09,True
2022_05_DET_NE,2022,REG,5,2022-10-09,Sunday,13:00,DET,0.0,NE,29.0,Home,29.0,29.0,0.0,2022100905,58908.0,,202210090nwe,,401437767,5949.0,7,7,133.0,-148.0,3.0,-113.0,102.0,46.5,101.0,-114.0,0,outdoors,fieldturf,,,00-0033106,00-0038108,Jared Goff,Bailey Zappe,Dan Campbell,Bill Belichick,Craig Wrolstad,BOS00,NE Stadium,2022-10-09,True
2022_05_SEA_NO,2022,REG,5,2022-10-09,Sunday,13:00,SEA,32.0,NO,39.0,Home,7.0,71.0,0.0,2022100906,58909.0,,202210090nor,,401437768,5950.0,7,7,201.0,-229.0,5.5,-106.0,-104.0,45.5,-113.0,100.0,0,dome,sportturf,,,00-0030565,00-0027973,Geno Smith,Andy Dalton,Pete Carroll,Dennis Allen,Brad Allen,NOR00,NO Stadium,2022-10-09,True
2022_05_MIA_NYJ,2022,REG,5,2022-10-09,Sunday,13:00,MIA,17.0,NYJ,40.0,Home,23.0,57.0,0.0,2022100907,58910.0,,202210090nyj,,401437769,5951.0,10,7,-162.0,146.0,-3.0,-110.0,100.0,46.0,-101.0,-111.0,1,outdoors,fieldturf,,,00-0031237,00-0037013,Teddy Bridgewater,Zach Wilson,Mike McDaniel,Robert Saleh,Clay Martin,NYC01,NYJ Stadium,2022-10-09,True
2022_05_ATL_TB,2022,REG,5,2022-10-09,Sunday,13:00,ATL,15.0,TB,21.0,Home,6.0,36.0,0.0,2022100908,58911.0,,202210090tam,,401437770,5952.0,7,7,355.0,-430.0,10.5,-113.0,102.0,46.0,101.0,-113.0,1,outdoors,grass,,,00-0032268,00-0019596,Marcus Mariota,Tom Brady,Arthur Smith,Todd Bowles,Jerome Boger,TAM00,TB Stadium,2022-10-09,True
2022_05_TEN_WAS,2022,REG,5,2022-10-09,Sunday,13:00,TEN,21.0,WAS,17.0,Home,-4.0,38.0,0.0,2022100909,58912.0,,202210090was,,401437771,5953.0,7,7,-110.0,-100.0,-1.0,-102.0,-108.0,43.0,-106.0,-106.0,0,outdoors,grass,,,00-0029701,00-0032950,Ryan Tannehill,Carson Wentz,Mike Vrabel,Ron Rivera,Land Clark,WAS00,WAS Stadium,2022-10-09,True
2022_05_SF_CAR,2022,REG,5,2022-10-09,Sunday,16:05,SF,37.0,CAR,15.0,Home,-22.0,52.0,0.0,2022100910,58913.0,,202210090car,,401437772,5954.0,6,7,-234.0,206.0,-6.0,-102.0,-109.0,40.0,-104.0,-108.0,0,outdoors,grass,,,00-0031345,00-0034855,Jimmy Garoppolo,Baker Mayfield,Kyle Shanahan,Matt Rhule,Shawn Smith,CAR00,CAR Stadium,2022-10-09,True
2022_05_PHI_ARI,2022,REG,5,2022-10-09,Sunday,16:25,PHI,20.0,ARI,17.0,Home,-3.0,37.0,0.0,2022100911,58914.0,,202210090crd,,401437773,5955.0,7,7,-222.0,196.0,-5.5,101.0,-111.0,48.5,101.0,-113.0,0,closed,grass,,,00-0036389,00-0035228,Jalen Hurts,Kyler Murray,Nick Sirianni,Kliff Kingsbury,Tra Blake,PHO00,ARI Stadium,2022-10-09,True
2022_05_DAL_LA,2022,REG,5,2022-10-09,Sunday,16:25,DAL,22.0,LA,10.0,Home,-12.0,32.0,0.0,2022100912,58915.0,,202210090ram,,401437774,5956.0,7,6,195.0,-220.0,5.5,-112.0,102.0,42.0,-106.0,-106.0,0,dome,matrixturf,,,00-0033662,00-0026498,Cooper Rush,Matthew Stafford,Mike McCarthy,Sean McVay,Bill Vinovich,LAX01,LA Stadium,2022-10-09,True
2022_05_CIN_BAL,2022,REG,5,2022-10-09,Sunday,20:20,CIN,17.0,BAL,19.0,Home,2.0,36.0,0.0,2022100913,58916.0,,202210090rav,,401437775,5957.0,10,7,151.0,-168.0,3.0,103.0,-114.0,47.5,-104.0,-108.0,1,outdoors,grass,,,00-0036442,00-0034796,Joe Burrow,Lamar Jackson,Zac Taylor,John Harbaugh,Scott Novak,BAL00,BAL Stadium,2022-10-09,True
2022_05_LV_KC,2022,REG,5,2022-10-10,Monday,20:15,LV,29.0,KC,30.0,Home,1.0,59.0,0.0,2022101000,58917.0,,202210100kan,,401437776,5958.0,8,8,275.0,-321.0,7.5,-125.0,113.0,51.5,-109.0,-103.0,1,outdoors,grass,,,00-0031280,00-0033873,Derek Carr,Patrick Mahomes,Josh McDaniels,Andy Reid,Carl Cheffers,KAN00,KC Stadium,2022-10-10,True
2022_06_WAS_CHI,2022,REG,6,2022-10-13,Thursday,20:15,WAS,12.0,CHI,7.0,Home,-5.0,19.0,0.0,2022101300,58918.0,,202210130chi,,401437777,5959.0,4,4,-120.0,109.0,-1.0,-112.0,102.0,38.5,-105.0,-107.0,0,outdoors,grass,,,00-0032950,00-0036945,Carson Wentz,Justin Fields,Ron Rivera,Matt Eberflus,Adrian Hill,CHI98,CHI Stadium,2022-10-13,True
2022_06_SF_ATL,2022,REG,6,2022-10-16,Sunday,13:00,SF,14.0,ATL,28.0,Home,14.0,42.0,0.0,2022101600,58919.0,,202210160atl,,401437778,5960.0,7,7,-185.0,166.0,-3.5,-100.0,-110.0,46.0,-109.0,-103.0,0,open,fieldturf,,,00-0031345,00-0032268,Jimmy Garoppolo,Marcus Mariota,Kyle Shanahan,Arthur Smith,Carl Cheffers,ATL97,ATL Stadium,2022-10-16,True
2022_06_NE_CLE,2022,REG,6,2022-10-16,Sunday,13:00,NE,38.0,CLE,15.0,Home,-23.0,53.0,0.0,2022101601,58920.0,,202210160cle,,401437779,5961.0,7,7,127.0,-140.0,2.5,101.0,-111.0,43.0,-104.0,-108.0,0,outdoors,grass,,,00-0038108,00-0033119,Bailey Zappe,Jacoby Brissett,Bill Belichick,Kevin Stefanski,Scott Novak,CLE00,CLE Stadium,2022-10-16,True
2022_06_NYJ_GB,2022,REG,6,2022-10-16,Sunday,13:00,NYJ,27.0,GB,10.0,Home,-17.0,37.0,0.0,2022101602,58921.0,,202210160gnb,,401437780,5962.0,7,7,305.0,-362.0,7.5,-101.0,-109.0,44.5,-101.0,-111.0,0,outdoors,grass,,,00-0037013,00-0023459,Zach Wilson,Aaron Rodgers,Robert Saleh,Matt LaFleur,Clete Blakeman,GNB00,GB Stadium,2022-10-16,True
2022_06_JAX_IND,2022,REG,6,2022-10-16,Sunday,13:00,JAX,27.0,IND,34.0,Home,7.0,61.0,0.0,2022101603,58922.0,,202210160clt,,401437781,5963.0,7,10,110.0,-122.0,1.0,103.0,-114.0,41.0,100.0,-113.0,1,open,fieldturf,,,00-0036971,00-0026143,Trevor Lawrence,Matt Ryan,Doug Pederson,Frank Reich,Jerome Boger,IND00,IND Stadium,2022-10-16,True
2022_06_MIN_MIA,2022,REG,6,2022-10-16,Sunday,13:00,MIN,24.0,MIA,16.0,Home,-8.0,40.0,0.0,2022101604,58923.0,,202210160mia,,401437782,5964.0,7,7,-175.0,157.0,-3.0,-120.0,109.0,45.0,-107.0,-105.0,0,outdoors,grass,,,00-0029604,00-0031237,Kirk Cousins,Teddy Bridgewater,Kevin O'Connell,Mike McDaniel,Brad Rogers,MIA00,MIA Stadium,2022-10-16,True
2022_06_CIN_NO,2022,REG,6,2022-10-16,Sunday,13:00,CIN,30.0,NO,26.0,Home,-4.0,56.0,0.0,2022101605,58924.0,,202210160nor,,401437783,5965.0,7,7,-164.0,148.0,-3.0,-110.0,100.0,42.5,-104.0,-108.0,0,dome,sportturf,,,00-0036442,00-0027973,Joe Burrow,Andy Dalton,Zac Taylor,Dennis Allen,Land Clark,NOR00,NO Stadium,2022-10-16,True
2022_06_BAL_NYG,2022,REG,6,2022-10-16,Sunday,13:00,BAL,20.0,NYG,24.0,Home,4.0,44.0,0.0,2022101606,58925.0,,202210160nyg,,401437784,5966.0,7,7,-234.0,206.0,-5.5,-107.0,-103.0,46.0,-110.0,-102.0,0,outdoors,fieldturf,,,00-0034796,00-0035710,Lamar Jackson,Daniel Jones,John Harbaugh,Brian Daboll,Clay Martin,NYC01,NYG Stadium,2022-10-16,True
2022_06_TB_PIT,2022,REG,6,2022-10-16,Sunday,13:00,TB,18.0,PIT,20.0,Home,2.0,38.0,0.0,2022101607,58926.0,,202210160pit,,401437785,5967.0,7,7,-386.0,323.0,-10.0,103.0,-113.0,47.0,-117.0,104.0,0,outdoors,grass,,,00-0019596,00-0038102,Tom Brady,Kenny Pickett,Todd Bowles,Mike Tomlin,Shawn Smith,PIT00,PIT Stadium,2022-10-16,True
2022_06_CAR_LA,2022,REG,6,2022-10-16,Sunday,16:05,CAR,10.0,LA,24.0,Home,14.0,34.0,0.0,2022101608,58927.0,,202210160ram,,401437786,5968.0,7,7,343.0,-413.0,10.0,-112.0,102.0,41.5,-109.0,-103.0,0,dome,matrixturf,,,00-0033275,00-0026498,Phillip Walker,Matthew Stafford,Steve Wilks,Sean McVay,Tra Blake,LAX01,LA Stadium,2022-10-16,True
2022_06_ARI_SEA,2022,REG,6,2022-10-16,Sunday,16:05,ARI,9.0,SEA,19.0,Home,10.0,28.0,0.0,2022101609,58928.0,,202210160sea,,401437787,5969.0,7,7,-136.0,123.0,-2.5,-106.0,-104.0,50.0,-102.0,-110.0,1,outdoors,fieldturf,,,00-0035228,00-0030565,Kyler Murray,Geno Smith,Kliff Kingsbury,Pete Carroll,Shawn Hochuli,SEA00,SEA Stadium,2022-10-16,True
2022_06_BUF_KC,2022,REG,6,2022-10-16,Sunday,16:25,BUF,24.0,KC,20.0,Home,-4.0,44.0,0.0,2022101610,58929.0,,202210160kan,,401437788,5970.0,7,6,-146.0,132.0,-2.5,-116.0,105.0,54.0,-105.0,-107.0,0,outdoors,grass,,,00-0034857,00-0033873,Josh Allen,Patrick Mahomes,Sean McDermott,Andy Reid,Brad Allen,KAN00,KC Stadium,2022-10-16,True
2022_06_DAL_PHI,2022,REG,6,2022-10-16,Sunday,20:20,DAL,17.0,PHI,26.0,Home,9.0,43.0,0.0,2022101611,58930.0,,202210160phi,,401437789,5971.0,7,7,252.0,-292.0,6.5,109.0,-120.0,42.5,-104.0,-108.0,1,outdoors,grass,,,00-0033662,00-0036389,Cooper Rush,Jalen Hurts,Mike McCarthy,Nick Sirianni,John Hussey,PHI00,PHI Stadium,2022-10-16,True
2022_06_DEN_LAC,2022,REG,6,2022-10-17,Monday,20:15,DEN,16.0,LAC,19.0,Home,3.0,35.0,1.0,2022101700,58931.0,,202210170sdg,,401437790,5972.0,11,8,166.0,-186.0,3.5,-103.0,-107.0,45.5,-115.0,102.0,1,dome,matrixturf,,,00-0029263,00-0036355,Russell Wilson,Justin Herbert,Nathaniel Hackett,Brandon Staley,Ron Torbert,LAX01,LAC Stadium,2022-10-17,True
2022_07_NO_ARI,2022,REG,7,2022-10-20,Thursday,20:15,NO,34.0,ARI,42.0,Home,8.0,76.0,0.0,2022102000,58932.0,,202210200crd,,401437791,5973.0,4,4,126.0,-140.0,2.5,-101.0,-109.0,44.0,-114.0,101.0,0,open,grass,,,00-0027973,00-0035228,Andy Dalton,Kyler Murray,Dennis Allen,Kliff Kingsbury,Jerome Boger,PHO00,ARI Stadium,2022-10-20,True
2022_07_CLE_BAL,2022,REG,7,2022-10-23,Sunday,13:00,CLE,20.0,BAL,23.0,Home,3.0,43.0,0.0,2022102300,58933.0,,202210230rav,,401437792,5974.0,7,7,244.0,-282.0,6.5,100.0,-110.0,46.0,-100.0,-112.0,1,outdoors,grass,,,00-0033119,00-0034796,Jacoby Brissett,Lamar Jackson,Kevin Stefanski,John Harbaugh,Shawn Smith,BAL00,BAL Stadium,2022-10-23,True
2022_07_TB_CAR,2022,REG,7,2022-10-23,Sunday,13:00,TB,3.0,CAR,21.0,Home,18.0,24.0,0.0,2022102301,58934.0,,202210230car,,401437793,5975.0,7,7,-680.0,524.0,-13.0,-103.0,-107.0,39.5,-116.0,103.0,1,outdoors,grass,,,00-0019596,00-0033275,Tom Brady,Phillip Walker,Todd Bowles,Steve Wilks,Craig Wrolstad,CAR00,CAR Stadium,2022-10-23,True
2022_07_ATL_CIN,2022,REG,7,2022-10-23,Sunday,13:00,ATL,17.0,CIN,35.0,Home,18.0,52.0,0.0,2022102302,58935.0,,202210230cin,,401437794,5976.0,7,7,235.0,-271.0,6.5,-100.0,-110.0,47.5,100.0,-112.0,0,outdoors,fieldturf,,,00-0032268,00-0036442,Marcus Mariota,Joe Burrow,Arthur Smith,Zac Taylor,Clete Blakeman,CIN00,CIN Stadium,2022-10-23,True
2022_07_DET_DAL,2022,REG,7,2022-10-23,Sunday,13:00,DET,6.0,DAL,24.0,Home,18.0,30.0,0.0,2022102303,58936.0,,202210230dal,,401437795,5977.0,14,7,241.0,-278.0,7.0,-112.0,102.0,49.5,-102.0,-110.0,0,closed,matrixturf,,,00-0033106,00-0033077,Jared Goff,Dak Prescott,Dan Campbell,Mike McCarthy,Adrian Hill,DAL00,DAL Stadium,2022-10-23,True
2022_07_NYG_JAX,2022,REG,7,2022-10-23,Sunday,13:00,NYG,23.0,JAX,17.0,Home,-6.0,40.0,0.0,2022102304,58937.0,,202210230jax,,401437796,5978.0,7,7,148.0,-165.0,3.0,102.0,-112.0,44.0,-105.0,-107.0,0,outdoors,grass,,,00-0035710,00-0036971,Daniel Jones,Trevor Lawrence,Brian Daboll,Doug Pederson,Tra Blake,JAX00,JAX Stadium,2022-10-23,True
2022_07_IND_TEN,2022,REG,7,2022-10-23,Sunday,13:00,IND,10.0,TEN,19.0,Home,9.0,29.0,0.0,2022102305,58938.0,,202210230oti,,401437797,5979.0,7,14,129.0,-143.0,2.5,-102.0,-108.0,43.0,-104.0,-109.0,1,outdoors,grass,,,00-0026143,00-0029701,Matt Ryan,Ryan Tannehill,Frank Reich,Mike Vrabel,Ron Torbert,NAS00,TEN Stadium,2022-10-23,True
2022_07_GB_WAS,2022,REG,7,2022-10-23,Sunday,13:00,GB,21.0,WAS,23.0,Home,2.0,44.0,0.0,2022102306,58939.0,,202210230was,,401437798,5980.0,7,10,-195.0,173.0,-4.0,-102.0,-108.0,41.5,-105.0,-107.0,0,outdoors,grass,,,00-0023459,00-0031800,Aaron Rodgers,Taylor Heinicke,Matt LaFleur,Ron Rivera,Clay Martin,WAS00,WAS Stadium,2022-10-23,True
2022_07_NYJ_DEN,2022,REG,7,2022-10-23,Sunday,16:05,NYJ,16.0,DEN,9.0,Home,-7.0,25.0,0.0,2022102307,58940.0,,202210230den,,401437799,5981.0,7,6,-127.0,115.0,-2.0,-106.0,-104.0,37.0,-114.0,101.0,0,outdoors,grass,,,00-0037013,00-0034955,Zach Wilson,Brett Rypien,Robert Saleh,Nathaniel Hackett,Bill Vinovich,DEN00,DEN Stadium,2022-10-23,True
2022_07_HOU_LV,2022,REG,7,2022-10-23,Sunday,16:05,HOU,20.0,LV,38.0,Home,18.0,58.0,0.0,2022102308,58941.0,,202210230rai,,401437800,5982.0,14,13,278.0,-325.0,7.0,104.0,-115.0,46.0,-104.0,-108.0,0,dome,grass,,,00-0036898,00-0031280,Davis Mills,Derek Carr,Lovie Smith,Josh McDaniels,John Hussey,VEG00,LV Stadium,2022-10-23,True
2022_07_SEA_LAC,2022,REG,7,2022-10-23,Sunday,16:25,SEA,37.0,LAC,23.0,Home,-14.0,60.0,0.0,2022102309,58942.0,,202210230sdg,,401437801,5983.0,7,6,193.0,-219.0,5.5,-111.0,101.0,51.5,-114.0,101.0,0,dome,matrixturf,,,00-0030565,00-0036355,Geno Smith,Justin Herbert,Pete Carroll,Brandon Staley,Land Clark,LAX01,LAC Stadium,2022-10-23,True
2022_07_KC_SF,2022,REG,7,2022-10-23,Sunday,16:25,KC,44.0,SF,23.0,Home,-21.0,67.0,0.0,2022102310,58943.0,,202210230sfo,,401437802,5984.0,7,7,-106.0,-104.0,-1.0,102.0,-112.0,49.0,-114.0,101.0,0,outdoors,,,,00-0033873,00-0031345,Patrick Mahomes,Jimmy Garoppolo,Andy Reid,Kyle Shanahan,Alex Kemp,SFO01,SF Stadium,2022-10-23,True
2022_07_PIT_MIA,2022,REG,7,2022-10-23,Sunday,20:20,PIT,10.0,MIA,16.0,Home,6.0,26.0,0.0,2022102311,58944.0,,202210230mia,,401437803,5985.0,7,7,255.0,-297.0,7.5,-119.0,108.0,44.5,-107.0,-105.0,0,outdoors,grass,,,00-0038102,00-0036212,Kenny Pickett,Tua Tagovailoa,Mike Tomlin,Mike McDaniel,Scott Novak,MIA00,MIA Stadium,2022-10-23,True
2022_07_CHI_NE,2022,REG,7,2022-10-24,Monday,20:15,CHI,33.0,NE,14.0,Home,-19.0,47.0,0.0,2022102400,58945.0,,202210240nwe,,401437804,5986.0,11,8,327.0,-392.0,9.5,-110.0,-100.0,40.0,-106.0,-106.0,0,outdoors,fieldturf,,,00-0036945,00-0036972,Justin Fields,Mac Jones,Matt Eberflus,Bill Belichick,Brad Allen,BOS00,NE Stadium,2022-10-24,True
2022_08_BAL_TB,2022,REG,8,2022-10-27,Thursday,20:15,BAL,27.0,TB,22.0,Home,-5.0,49.0,0.0,2022102700,58946.0,,202210270tam,,401437805,5987.0,4,4,116.0,-128.0,2.0,-104.0,-106.0,46.0,-102.0,-110.0,0,outdoors,grass,,,00-0034796,00-0019596,Lamar Jackson,Tom Brady,John Harbaugh,Todd Bowles,Carl Cheffers,TAM00,TB Stadium,2022-10-27,True
2022_08_DEN_JAX,2022,REG,8,2022-10-30,Sunday,09:30,DEN,21.0,JAX,17.0,Neutral,-4.0,38.0,0.0,2022103000,58947.0,,202210300jax,,401435641,5988.0,7,7,-103.0,-107.0,1.0,-112.0,101.0,41.0,-103.0,-109.0,0,outdoors,,,,00-0029263,00-0036971,Russell Wilson,Trevor Lawrence,Nathaniel Hackett,Doug Pederson,Adrian Hill,LON00,JAX Stadium,2022-10-30,True
2022_08_CAR_ATL,2022,REG,8,2022-10-30,Sunday,13:00,CAR,34.0,ATL,37.0,Home,3.0,71.0,1.0,2022103001,58948.0,,202210300atl,,401437806,5989.0,7,7,178.0,-201.0,4.5,-110.0,-100.0,41.0,-106.0,-106.0,1,closed,fieldturf,,,00-0033275,00-0032268,Phillip Walker,Marcus Mariota,Steve Wilks,Arthur Smith,Shawn Hochuli,ATL97,ATL Stadium,2022-10-30,True
2022_08_CHI_DAL,2022,REG,8,2022-10-30,Sunday,13:00,CHI,29.0,DAL,49.0,Home,20.0,78.0,0.0,2022103002,58949.0,,202210300dal,,401437807,5990.0,6,7,355.0,-430.0,10.5,-121.0,109.0,43.0,-108.0,-104.0,0,open,matrixturf,,,00-0036945,00-0033077,Justin Fields,Dak Prescott,Matt Eberflus,Mike McCarthy,Brad Rogers,DAL00,DAL Stadium,2022-10-30,True
2022_08_MIA_DET,2022,REG,8,2022-10-30,Sunday,13:00,MIA,31.0,DET,27.0,Home,-4.0,58.0,0.0,2022103003,58950.0,,202210300det,,401437808,5991.0,7,7,-190.0,169.0,-3.5,-112.0,102.0,52.0,-108.0,-104.0,0,dome,fieldturf,,,00-0036212,00-0033106,Tua Tagovailoa,Jared Goff,Mike McDaniel,Dan Campbell,Alex Kemp,DET00,DET Stadium,2022-10-30,True
2022_08_ARI_MIN,2022,REG,8,2022-10-30,Sunday,13:00,ARI,26.0,MIN,34.0,Home,8.0,60.0,0.0,2022103005,58951.0,,202210300min,,401437809,5992.0,10,14,177.0,-199.0,4.0,-105.0,-105.0,48.5,-106.0,-106.0,0,dome,sportturf,,,00-0035228,00-0029604,Kyler Murray,Kirk Cousins,Kliff Kingsbury,Kevin O'Connell,Brad Allen,MIN01,MIN Stadium,2022-10-30,True
2022_08_LV_NO,2022,REG,8,2022-10-30,Sunday,13:00,LV,0.0,NO,24.0,Home,24.0,24.0,0.0,2022103006,58952.0,,202210300nor,,401437810,5993.0,7,10,-119.0,108.0,-1.0,-111.0,101.0,48.5,-111.0,-101.0,0,dome,sportturf,,,00-0031280,00-0031503,Derek Carr,Jameis Winston,Josh McDaniels,Dennis Allen,Scott Novak,NOR00,NO Stadium,2022-10-30,True
2022_08_NE_NYJ,2022,REG,8,2022-10-30,Sunday,13:00,NE,22.0,NYJ,17.0,Home,-5.0,39.0,0.0,2022103007,58953.0,,202210300nyj,,401437811,5994.0,6,7,-155.0,140.0,-3.0,-103.0,-107.0,40.0,-102.0,-110.0,1,outdoors,fieldturf,,,00-0036972,00-0037013,Mac Jones,Zach Wilson,Bill Belichick,Robert Saleh,Shawn Smith,NYC01,NYJ Stadium,2022-10-30,True
2022_08_PIT_PHI,2022,REG,8,2022-10-30,Sunday,13:00,PIT,13.0,PHI,35.0,Home,22.0,48.0,0.0,2022103008,58954.0,,202210300phi,,401437812,5995.0,7,14,397.0,-490.0,11.0,102.0,-112.0,43.0,-110.0,-102.0,0,outdoors,grass,,,00-0038102,00-0036389,Kenny Pickett,Jalen Hurts,Mike Tomlin,Nick Sirianni,Clete Blakeman,PHI00,PHI Stadium,2022-10-30,True
2022_08_TEN_HOU,2022,REG,8,2022-10-30,Sunday,16:05,TEN,17.0,HOU,10.0,Home,-7.0,27.0,0.0,2022103004,58955.0,,202210300htx,,401437813,5996.0,7,7,-115.0,104.0,-1.0,-107.0,-103.0,39.0,-102.0,-110.0,1,closed,astroturf,,,00-0038128,00-0036898,Malik Willis,Davis Mills,Mike Vrabel,Lovie Smith,Clay Martin,HOU00,HOU Stadium,2022-10-30,True
2022_08_WAS_IND,2022,REG,8,2022-10-30,Sunday,16:25,WAS,17.0,IND,16.0,Home,-1.0,33.0,0.0,2022103009,58956.0,,202210300clt,,401437814,5997.0,7,7,136.0,-151.0,3.0,-114.0,103.0,40.5,-110.0,-102.0,0,closed,fieldturf,,,00-0031800,00-0036879,Taylor Heinicke,Sam Ehlinger,Ron Rivera,Frank Reich,Craig Wrolstad,IND00,IND Stadium,2022-10-30,True
2022_08_SF_LA,2022,REG,8,2022-10-30,Sunday,16:25,SF,31.0,LA,14.0,Home,-17.0,45.0,0.0,2022103010,58957.0,,202210300ram,,401437815,5998.0,7,14,-104.0,-106.0,-1.0,103.0,-114.0,42.0,-103.0,-109.0,1,dome,matrixturf,,,00-0031345,00-0026498,Jimmy Garoppolo,Matthew Stafford,Kyle Shanahan,Sean McVay,John Hussey,LAX01,LA Stadium,2022-10-30,True
2022_08_NYG_SEA,2022,REG,8,2022-10-30,Sunday,16:25,NYG,13.0,SEA,27.0,Home,14.0,40.0,0.0,2022103011,58958.0,,202210300sea,,401437816,5999.0,7,7,147.0,-164.0,3.0,-100.0,-110.0,44.5,-110.0,-102.0,0,outdoors,fieldturf,,,00-0035710,00-0030565,Daniel Jones,Geno Smith,Brian Daboll,Pete Carroll,Jerome Boger,SEA00,SEA Stadium,2022-10-30,True
2022_08_GB_BUF,2022,REG,8,2022-10-30,Sunday,20:20,GB,17.0,BUF,27.0,Home,10.0,44.0,0.0,2022103012,58959.0,,202210300buf,,401437817,6000.0,7,14,365.0,-445.0,10.5,-110.0,100.0,47.0,-104.0,-108.0,0,outdoors,a_turf,,,00-0023459,00-0034857,Aaron Rodgers,Josh Allen,Matt LaFleur,Sean McDermott,Ron Torbert,BUF00,BUF Stadium,2022-10-30,True
2022_08_CIN_CLE,2022,REG,8,2022-10-31,Monday,20:15,CIN,13.0,CLE,32.0,Home,19.0,45.0,0.0,2022103100,58960.0,,202210310cle,,401437818,6001.0,8,8,-163.0,147.0,-3.0,-112.0,102.0,45.0,-102.0,-110.0,1,outdoors,grass,66.0,9.0,00-0036442,00-0033119,Joe Burrow,Jacoby Brissett,Zac Taylor,Kevin Stefanski,Bill Vinovich,CLE00,CLE Stadium,2022-10-31,True
2022_09_PHI_HOU,2022,REG,9,2022-11-03,Thursday,20:15,PHI,29.0,HOU,17.0,Home,-12.0,46.0,0.0,2022110300,58961.0,,202211030htx,,401437819,6002.0,4,4,-702.0,539.0,-14.0,102.0,-113.0,45.5,-112.0,-101.0,0,closed,astroturf,,,00-0036389,00-0036898,Jalen Hurts,Davis Mills,Nick Sirianni,Lovie Smith,Craig Wrolstad,HOU00,HOU Stadium,2022-11-03,True
2022_09_LAC_ATL,2022,REG,9,2022-11-06,Sunday,13:00,LAC,20.0,ATL,17.0,Home,-3.0,37.0,0.0,2022110600,58962.0,,202211060atl,,401437820,6003.0,14,7,-143.0,130.0,-2.5,-114.0,103.0,49.5,-105.0,-107.0,0,open,fieldturf,,,00-0036355,00-0032268,Justin Herbert,Marcus Mariota,Brandon Staley,Arthur Smith,John Hussey,ATL97,ATL Stadium,2022-11-06,True
2022_09_MIA_CHI,2022,REG,9,2022-11-06,Sunday,13:00,MIA,35.0,CHI,32.0,Home,-3.0,67.0,0.0,2022110601,58963.0,,202211060chi,,401437821,6004.0,7,7,-193.0,172.0,-4.0,-103.0,-107.0,46.0,-104.0,-108.0,0,outdoors,grass,58.0,17.0,00-0036212,00-0036945,Tua Tagovailoa,Justin Fields,Mike McDaniel,Matt Eberflus,Ron Torbert,CHI98,CHI Stadium,2022-11-06,True
2022_09_CAR_CIN,2022,REG,9,2022-11-06,Sunday,13:00,CAR,21.0,CIN,42.0,Home,21.0,63.0,0.0,2022110602,58964.0,,202211060cin,,401437822,6005.0,7,6,282.0,-331.0,7.0,-100.0,-110.0,43.0,-114.0,101.0,0,outdoors,fieldturf,68.0,11.0,00-0033275,00-0036442,Phillip Walker,Joe Burrow,Steve Wilks,Zac Taylor,Alex Kemp,CIN00,CIN Stadium,2022-11-06,True
2022_09_GB_DET,2022,REG,9,2022-11-06,Sunday,13:00,GB,9.0,DET,15.0,Home,6.0,24.0,0.0,2022110603,58965.0,,202211060det,,401437823,6006.0,7,7,-191.0,170.0,-4.0,-107.0,-103.0,49.5,-107.0,-105.0,1,dome,fieldturf,,,00-0023459,00-0033106,Aaron Rodgers,Jared Goff,Matt LaFleur,Dan Campbell,Tra Blake,DET00,DET Stadium,2022-11-06,True
2022_09_LV_JAX,2022,REG,9,2022-11-06,Sunday,13:00,LV,20.0,JAX,27.0,Home,7.0,47.0,0.0,2022110604,58966.0,,202211060jax,,401437824,6007.0,7,7,-129.0,116.0,-2.5,-102.0,-108.0,47.5,105.0,-118.0,0,outdoors,grass,81.0,14.0,00-0031280,00-0036971,Derek Carr,Trevor Lawrence,Josh McDaniels,Doug Pederson,Bill Vinovich,JAX00,JAX Stadium,2022-11-06,True
2022_09_IND_NE,2022,REG,9,2022-11-06,Sunday,13:00,IND,3.0,NE,26.0,Home,23.0,29.0,0.0,2022110605,58967.0,,202211060nwe,,401437825,6008.0,7,7,188.0,-212.0,5.0,-115.0,104.0,40.0,-109.0,-103.0,0,outdoors,fieldturf,78.0,13.0,00-0036879,00-0036972,Sam Ehlinger,Mac Jones,Frank Reich,Bill Belichick,Clay Martin,BOS00,NE Stadium,2022-11-06,True
2022_09_BUF_NYJ,2022,REG,9,2022-11-06,Sunday,13:00,BUF,17.0,NYJ,20.0,Home,3.0,37.0,0.0,2022110606,58968.0,,202211060nyj,,401437826,6009.0,7,7,-494.0,400.0,-11.0,103.0,-114.0,46.0,-102.0,-110.0,1,outdoors,fieldturf,69.0,17.0,00-0034857,00-0037013,Josh Allen,Zach Wilson,Sean McDermott,Robert Saleh,Land Clark,NYC01,NYJ Stadium,2022-11-06,True
2022_09_MIN_WAS,2022,REG,9,2022-11-06,Sunday,13:00,MIN,20.0,WAS,17.0,Home,-3.0,37.0,0.0,2022110607,58969.0,,202211060was,,401437827,6010.0,7,7,-169.0,151.0,-3.0,-119.0,108.0,43.5,-106.0,-106.0,0,outdoors,grass,71.0,11.0,00-0029604,00-0031800,Kirk Cousins,Taylor Heinicke,Kevin O'Connell,Ron Rivera,Jerome Boger,WAS00,WAS Stadium,2022-11-06,True
2022_09_SEA_ARI,2022,REG,9,2022-11-06,Sunday,16:05,SEA,31.0,ARI,21.0,Home,-10.0,52.0,0.0,2022110608,58970.0,,202211060crd,,401437828,6011.0,7,7,116.0,-128.0,1.5,102.0,-113.0,49.5,-115.0,103.0,1,open,grass,,,00-0030565,00-0035228,Geno Smith,Kyler Murray,Pete Carroll,Kliff Kingsbury,Carl Cheffers,PHO00,ARI Stadium,2022-11-06,True
2022_09_LA_TB,2022,REG,9,2022-11-06,Sunday,16:25,LA,13.0,TB,16.0,Home,3.0,29.0,0.0,2022110609,58971.0,,202211060tam,,401437829,6012.0,7,10,142.0,-158.0,3.0,-104.0,-106.0,43.0,-108.0,-104.0,0,outdoors,grass,88.0,2.0,00-0026498,00-0019596,Matthew Stafford,Tom Brady,Sean McVay,Todd Bowles,Shawn Hochuli,TAM00,TB Stadium,2022-11-06,True
2022_09_TEN_KC,2022,REG,9,2022-11-06,Sunday,20:20,TEN,17.0,KC,20.0,Home,3.0,37.0,1.0,2022110610,58972.0,,202211060kan,,401437830,6013.0,7,14,530.0,-689.0,14.0,-107.0,-103.0,45.0,-106.0,-106.0,0,outdoors,grass,54.0,7.0,00-0038128,00-0033873,Malik Willis,Patrick Mahomes,Mike Vrabel,Andy Reid,Clete Blakeman,KAN00,KC Stadium,2022-11-06,True
2022_09_BAL_NO,2022,REG,9,2022-11-07,Monday,20:15,BAL,27.0,NO,13.0,Home,-14.0,40.0,0.0,2022110700,58973.0,,202211070nor,,401437831,6014.0,11,8,-124.0,112.0,-1.0,-117.0,106.0,46.0,-108.0,-104.0,0,dome,sportturf,,,00-0034796,00-0027973,Lamar Jackson,Andy Dalton,John Harbaugh,Dennis Allen,Brad Rogers,NOR00,NO Stadium,2022-11-07,True
2022_10_ATL_CAR,2022,REG,10,2022-11-10,Thursday,20:15,ATL,15.0,CAR,25.0,Home,10.0,40.0,0.0,2022111000,58974.0,,202211100car,,401437832,6015.0,4,4,-132.0,119.0,-2.5,-103.0,-107.0,41.5,-106.0,-106.0,1,outdoors,grass,61.0,12.0,00-0032268,00-0033275,Marcus Mariota,Phillip Walker,Arthur Smith,Steve Wilks,Adrian Hill,CAR00,CAR Stadium,2022-11-10,True
2022_10_SEA_TB,2022,REG,10,2022-11-13,Sunday,09:30,SEA,16.0,TB,21.0,Neutral,5.0,37.0,0.0,2022111300,58975.0,,202211130tam,,401435638,6016.0,7,7,124.0,-138.0,2.5,103.0,-114.0,45.0,-104.0,-108.0,0,outdoors,,,,00-0030565,00-0019596,Geno Smith,Tom Brady,Pete Carroll,Todd Bowles,John Hussey,GER00,TB Stadium,2022-11-13,True
2022_10_MIN_BUF,2022,REG,10,2022-11-13,Sunday,13:00,MIN,33.0,BUF,30.0,Home,-3.0,63.0,1.0,2022111301,58976.0,,202211130buf,,401437833,6017.0,7,7,230.0,-264.0,6.5,-104.0,-106.0,47.0,-105.0,-107.0,0,outdoors,a_turf,38.0,11.0,00-0029604,00-0034857,Kirk Cousins,Josh Allen,Kevin O'Connell,Sean McDermott,Craig Wrolstad,BUF00,BUF Stadium,2022-11-13,True
2022_10_DET_CHI,2022,REG,10,2022-11-13,Sunday,13:00,DET,31.0,CHI,30.0,Home,-1.0,61.0,0.0,2022111302,58977.0,,202211130chi,,401437834,6018.0,7,7,143.0,-159.0,3.0,-105.0,-105.0,48.5,-114.0,101.0,1,outdoors,grass,34.0,13.0,00-0033106,00-0036945,Jared Goff,Justin Fields,Dan Campbell,Matt Eberflus,Land Clark,CHI98,CHI Stadium,2022-11-13,True
2022_10_JAX_KC,2022,REG,10,2022-11-13,Sunday,13:00,JAX,17.0,KC,27.0,Home,10.0,44.0,0.0,2022111303,58978.0,,202211130kan,,401437835,6019.0,7,7,333.0,-399.0,10.0,-120.0,109.0,51.5,-110.0,-102.0,0,outdoors,grass,33.0,7.0,00-0036971,00-0033873,Trevor Lawrence,Patrick Mahomes,Doug Pederson,Andy Reid,Brad Rogers,KAN00,KC Stadium,2022-11-13,True
2022_10_CLE_MIA,2022,REG,10,2022-11-13,Sunday,13:00,CLE,17.0,MIA,39.0,Home,22.0,56.0,0.0,2022111304,58979.0,,202211130mia,,401437836,6020.0,13,7,158.0,-177.0,3.0,112.0,-123.0,49.0,-102.0,-110.0,0,outdoors,grass,85.0,7.0,00-0033119,00-0036212,Jacoby Brissett,Tua Tagovailoa,Kevin Stefanski,Mike McDaniel,Shawn Hochuli,MIA00,MIA Stadium,2022-11-13,True
2022_10_HOU_NYG,2022,REG,10,2022-11-13,Sunday,13:00,HOU,16.0,NYG,24.0,Home,8.0,40.0,0.0,2022111305,58980.0,,202211130nyg,,401437837,6021.0,10,14,195.0,-221.0,5.5,-112.0,102.0,41.5,-109.0,-103.0,0,outdoors,fieldturf,50.0,15.0,00-0036898,00-0035710,Davis Mills,Daniel Jones,Lovie Smith,Brian Daboll,Bill Vinovich,NYC01,NYG Stadium,2022-11-13,True
2022_10_NO_PIT,2022,REG,10,2022-11-13,Sunday,13:00,NO,10.0,PIT,20.0,Home,10.0,30.0,0.0,2022111306,58981.0,,202211130pit,,401437838,6022.0,6,14,105.0,-116.0,1.0,-103.0,-107.0,39.5,-104.0,-109.0,0,outdoors,grass,37.0,15.0,00-0027973,00-0038102,Andy Dalton,Kenny Pickett,Dennis Allen,Mike Tomlin,Carl Cheffers,PIT00,PIT Stadium,2022-11-13,True
2022_10_DEN_TEN,2022,REG,10,2022-11-13,Sunday,13:00,DEN,10.0,TEN,17.0,Home,7.0,27.0,0.0,2022111307,58982.0,,202211130oti,,401437839,6023.0,14,7,122.0,-135.0,2.5,-105.0,-105.0,40.0,-107.0,-105.0,0,outdoors,grass,36.0,9.0,00-0029263,00-0029701,Russell Wilson,Ryan Tannehill,Nathaniel Hackett,Mike Vrabel,Scott Novak,NAS00,TEN Stadium,2022-11-13,True
2022_10_IND_LV,2022,REG,10,2022-11-13,Sunday,16:05,IND,25.0,LV,20.0,Home,-5.0,45.0,0.0,2022111308,58983.0,,202211130rai,,401437840,6024.0,7,7,177.0,-199.0,4.5,-112.0,101.0,41.0,101.0,-114.0,0,dome,grass,,,00-0026143,00-0031280,Matt Ryan,Derek Carr,Jeff Saturday,Josh McDaniels,Tra Blake,VEG00,LV Stadium,2022-11-13,True
2022_10_DAL_GB,2022,REG,10,2022-11-13,Sunday,16:25,DAL,28.0,GB,31.0,Home,3.0,59.0,1.0,2022111309,58984.0,,202211130gnb,,401437131,6025.0,14,7,-199.0,177.0,-3.5,-113.0,102.0,44.5,-104.0,-108.0,0,outdoors,grass,33.0,8.0,00-0033077,00-0023459,Dak Prescott,Aaron Rodgers,Mike McCarthy,Matt LaFleur,Brad Allen,GNB00,GB Stadium,2022-11-13,True
2022_10_ARI_LA,2022,REG,10,2022-11-13,Sunday,16:25,ARI,27.0,LA,17.0,Home,-10.0,44.0,0.0,2022111310,58985.0,,202211130ram,,401437841,6026.0,7,7,160.0,-183.0,3.5,-110.0,-102.0,38.0,-108.0,-104.0,1,dome,matrixturf,,,00-0027688,00-0034899,Colt McCoy,John Wolford,Kliff Kingsbury,Sean McVay,Clete Blakeman,LAX01,LA Stadium,2022-11-13,True
2022_10_LAC_SF,2022,REG,10,2022-11-13,Sunday,20:20,LAC,16.0,SF,22.0,Home,6.0,38.0,0.0,2022111311,58986.0,,202211130sfo,,401437842,6027.0,7,14,302.0,-357.0,8.5,-105.0,-105.0,45.5,101.0,-113.0,0,outdoors,grass,57.0,6.0,00-0036355,00-0031345,Justin Herbert,Jimmy Garoppolo,Brandon Staley,Kyle Shanahan,Shawn Smith,SFO01,SF Stadium,2022-11-13,True
2022_10_WAS_PHI,2022,REG,10,2022-11-14,Monday,20:15,WAS,32.0,PHI,21.0,Home,-11.0,53.0,0.0,2022111400,58987.0,,202211140phi,,401437843,6028.0,8,11,405.0,-501.0,11.0,-107.0,-103.0,43.0,-103.0,-109.0,1,outdoors,grass,43.0,6.0,00-0031800,00-0036389,Taylor Heinicke,Jalen Hurts,Ron Rivera,Nick Sirianni,Alex Kemp,PHI00,PHI Stadium,2022-11-14,True
2022_11_TEN_GB,2022,REG,11,2022-11-17,Thursday,20:15,TEN,27.0,GB,17.0,Home,-10.0,44.0,0.0,2022111700,58988.0,,202211170gnb,,401437844,6029.0,4,4,153.0,-171.0,3.0,106.0,-117.0,40.5,-109.0,-103.0,0,outdoors,grass,25.0,11.0,00-0029701,00-0023459,Ryan Tannehill,Aaron Rodgers,Mike Vrabel,Matt LaFleur,Bill Vinovich,GNB00,GB Stadium,2022-11-17,True
2022_11_CHI_ATL,2022,REG,11,2022-11-20,Sunday,13:00,CHI,24.0,ATL,27.0,Home,3.0,51.0,0.0,2022112000,58989.0,,202211200atl,,401437845,6030.0,7,10,125.0,-138.0,3.0,-122.0,110.0,48.5,-108.0,-104.0,0,closed,fieldturf,,,00-0036945,00-0032268,Justin Fields,Marcus Mariota,Matt Eberflus,Arthur Smith,Tra Blake,ATL97,ATL Stadium,2022-11-20,True
2022_11_CAR_BAL,2022,REG,11,2022-11-20,Sunday,13:00,CAR,3.0,BAL,13.0,Home,10.0,16.0,0.0,2022112001,58990.0,,202211200rav,,401437846,6031.0,10,13,503.0,-647.0,13.0,-117.0,106.0,42.0,-112.0,-100.0,0,outdoors,grass,36.0,2.0,00-0033275,00-0034796,Phillip Walker,Lamar Jackson,Steve Wilks,John Harbaugh,Jerome Boger,BAL00,BAL Stadium,2022-11-20,True
2022_11_CLE_BUF,2022,REG,11,2022-11-20,Sunday,13:00,CLE,23.0,BUF,31.0,Neutral,8.0,54.0,0.0,2022112002,58991.0,,202211200buf,,401437847,6032.0,7,7,298.0,-353.0,7.5,-103.0,-108.0,50.5,-103.0,-109.0,0,dome,fieldturf,,,00-0033119,00-0034857,Jacoby Brissett,Josh Allen,Kevin Stefanski,Sean McDermott,Adrian Hill,DET00,BUF Stadium,2022-11-20,True
2022_11_WAS_HOU,2022,REG,11,2022-11-20,Sunday,13:00,WAS,23.0,HOU,10.0,Home,-13.0,33.0,0.0,2022112003,58992.0,,202211200htx,,401437848,6033.0,6,7,-150.0,135.0,-3.0,-100.0,-110.0,41.0,-106.0,-106.0,0,closed,astroturf,,,00-0031800,00-0036898,Taylor Heinicke,Davis Mills,Ron Rivera,Lovie Smith,Scott Novak,HOU00,HOU Stadium,2022-11-20,True
2022_11_PHI_IND,2022,REG,11,2022-11-20,Sunday,13:00,PHI,17.0,IND,16.0,Home,-1.0,33.0,0.0,2022112004,58993.0,,202211200clt,,401437849,6034.0,6,7,-270.0,235.0,-6.5,-108.0,-102.0,45.5,-103.0,-109.0,0,closed,fieldturf,,,00-0036389,00-0036879,Jalen Hurts,Sam Ehlinger,Nick Sirianni,Jeff Saturday,Land Clark,IND00,IND Stadium,2022-11-20,True
2022_11_NYJ_NE,2022,REG,11,2022-11-20,Sunday,13:00,NYJ,3.0,NE,10.0,Home,7.0,13.0,0.0,2022112005,58994.0,,202211200nwe,,401437850,6035.0,14,14,163.0,-182.0,3.5,-109.0,-102.0,38.5,-103.0,-109.0,1,outdoors,fieldturf,42.0,2.0,00-0037013,00-0036972,Zach Wilson,Mac Jones,Robert Saleh,Bill Belichick,Carl Cheffers,BOS00,NE Stadium,2022-11-20,True
2022_11_LA_NO,2022,REG,11,2022-11-20,Sunday,13:00,LA,20.0,NO,27.0,Home,7.0,47.0,0.0,2022112006,58995.0,,202211200nor,,401437851,6036.0,7,7,112.0,-124.0,2.5,-115.0,104.0,39.5,-106.0,-106.0,0,dome,sportturf,,,00-0026498,00-0027973,Matthew Stafford,Andy Dalton,Sean McVay,Dennis Allen,Ron Torbert,NOR00,NO Stadium,2022-11-20,True
2022_11_DET_NYG,2022,REG,11,2022-11-20,Sunday,13:00,DET,31.0,NYG,18.0,Home,-13.0,49.0,0.0,2022112007,58996.0,,202211200nyg,,401437852,6037.0,7,7,143.0,-159.0,3.0,-104.0,-107.0,44.0,103.0,-116.0,0,outdoors,fieldturf,35.0,21.0,00-0033106,00-0035710,Jared Goff,Daniel Jones,Dan Campbell,Brian Daboll,Brad Rogers,NYC01,NYG Stadium,2022-11-20,True
2022_11_LV_DEN,2022,REG,11,2022-11-20,Sunday,16:05,LV,22.0,DEN,16.0,Home,-6.0,38.0,1.0,2022112008,58997.0,,202211200den,,401437853,6038.0,7,7,131.0,-145.0,2.5,106.0,-117.0,41.5,-113.0,100.0,1,outdoors,grass,49.0,11.0,00-0031280,00-0029263,Derek Carr,Russell Wilson,Josh McDaniels,Nathaniel Hackett,Shawn Smith,DEN00,DEN Stadium,2022-11-20,True
2022_11_DAL_MIN,2022,REG,11,2022-11-20,Sunday,16:25,DAL,40.0,MIN,3.0,Home,-37.0,43.0,0.0,2022112010,58999.0,,202211200min,,401437855,6040.0,7,7,-131.0,118.0,-1.5,-115.0,104.0,48.5,-109.0,-103.0,0,dome,sportturf,,,00-0033077,00-0029604,Dak Prescott,Kirk Cousins,Mike McCarthy,Kevin O'Connell,Clay Martin,MIN01,MIN Stadium,2022-11-20,True
2022_11_CIN_PIT,2022,REG,11,2022-11-20,Sunday,16:25,CIN,37.0,PIT,30.0,Home,-7.0,67.0,0.0,2022112011,59000.0,,202211200pit,,401437856,6041.0,14,7,-182.0,163.0,-3.5,101.0,-111.0,39.0,100.0,-112.0,1,outdoors,grass,27.0,12.0,00-0036442,00-0038102,Joe Burrow,Kenny Pickett,Zac Taylor,Mike Tomlin,Brad Allen,PIT00,PIT Stadium,2022-11-20,True
2022_11_KC_LAC,2022,REG,11,2022-11-20,Sunday,20:20,KC,30.0,LAC,27.0,Home,-3.0,57.0,0.0,2022112009,58998.0,,202211200sdg,,401437854,6039.0,7,7,-231.0,203.0,-5.5,-102.0,-108.0,52.5,-102.0,-110.0,1,dome,matrixturf,,,00-0033873,00-0036355,Patrick Mahomes,Justin Herbert,Andy Reid,Brandon Staley,Shawn Hochuli,LAX01,LAC Stadium,2022-11-20,True
2022_11_SF_ARI,2022,REG,11,2022-11-21,Monday,20:15,SF,38.0,ARI,10.0,Neutral,-28.0,48.0,0.0,2022112100,59001.0,,202211210crd,,401435642,6042.0,8,8,-422.0,350.0,-10.0,103.0,-113.0,43.5,-114.0,101.0,1,outdoors,,,,00-0031345,00-0027688,Jimmy Garoppolo,Colt McCoy,Kyle Shanahan,Kliff Kingsbury,Craig Wrolstad,MEX00,ARI Stadium,2022-11-21,True
2022_12_BUF_DET,2022,REG,12,2022-11-24,Thursday,12:30,BUF,28.0,DET,25.0,Home,-3.0,53.0,0.0,2022112400,59002.0,,202211240det,,401437857,6043.0,4,4,-412.0,342.0,-10.0,105.0,-116.0,54.0,-102.0,-110.0,0,dome,fieldturf,,,00-0034857,00-0033106,Josh Allen,Jared Goff,Sean McDermott,Dan Campbell,Clete Blakeman,DET00,DET Stadium,2022-11-24,True
2022_12_NYG_DAL,2022,REG,12,2022-11-24,Thursday,16:30,NYG,20.0,DAL,28.0,Home,8.0,48.0,0.0,2022112401,59003.0,,202211240dal,,401437858,6044.0,4,4,363.0,-441.0,10.5,-114.0,104.0,45.5,-106.0,-106.0,1,closed,matrixturf,,,00-0035710,00-0033077,Daniel Jones,Dak Prescott,Brian Daboll,Mike McCarthy,Scott Novak,DAL00,DAL Stadium,2022-11-24,True
2022_12_NE_MIN,2022,REG,12,2022-11-24,Thursday,20:20,NE,26.0,MIN,33.0,Home,7.0,59.0,0.0,2022112402,59004.0,,202211240min,,401437859,6045.0,4,4,123.0,-136.0,2.5,-102.0,-108.0,42.5,-106.0,-106.0,0,dome,sportturf,,,00-0036972,00-0029604,Mac Jones,Kirk Cousins,Bill Belichick,Kevin O'Connell,Alex Kemp,MIN01,MIN Stadium,2022-11-24,True
2022_12_DEN_CAR,2022,REG,12,2022-11-27,Sunday,13:00,DEN,10.0,CAR,23.0,Home,13.0,33.0,0.0,2022112700,59005.0,,202211270car,,401437860,6046.0,7,7,-116.0,105.0,-1.0,-109.0,-101.0,36.5,-111.0,-101.0,0,outdoors,grass,66.0,15.0,00-0029263,00-0034869,Russell Wilson,Sam Darnold,Nathaniel Hackett,Steve Wilks,Clay Martin,CAR00,CAR Stadium,2022-11-27,True
2022_12_TB_CLE,2022,REG,12,2022-11-27,Sunday,13:00,TB,17.0,CLE,23.0,Home,6.0,40.0,1.0,2022112701,59006.0,,202211270cle,,401437861,6047.0,14,7,-169.0,151.0,-3.0,-118.0,107.0,42.0,-103.0,-109.0,0,outdoors,grass,56.0,14.0,00-0019596,00-0033119,Tom Brady,Jacoby Brissett,Todd Bowles,Kevin Stefanski,Tra Blake,CLE00,CLE Stadium,2022-11-27,True
2022_12_BAL_JAX,2022,REG,12,2022-11-27,Sunday,13:00,BAL,27.0,JAX,28.0,Home,1.0,55.0,0.0,2022112702,59007.0,,202211270jax,,401437862,6048.0,7,14,-164.0,147.0,-3.5,111.0,-123.0,43.0,-102.0,-111.0,0,outdoors,grass,77.0,19.0,00-0034796,00-0036971,Lamar Jackson,Trevor Lawrence,John Harbaugh,Doug Pederson,Land Clark,JAX00,JAX Stadium,2022-11-27,True
2022_12_HOU_MIA,2022,REG,12,2022-11-27,Sunday,13:00,HOU,15.0,MIA,30.0,Home,15.0,45.0,0.0,2022112703,59008.0,,202211270mia,,401437863,6049.0,7,14,613.0,-822.0,14.0,-101.0,-109.0,47.0,-103.0,-109.0,0,outdoors,grass,84.0,13.0,00-0034577,00-0036212,Kyle Allen,Tua Tagovailoa,Lovie Smith,Mike McDaniel,Jerome Boger,MIA00,MIA Stadium,2022-11-27,True
2022_12_CHI_NYJ,2022,REG,12,2022-11-27,Sunday,13:00,CHI,10.0,NYJ,31.0,Home,21.0,41.0,0.0,2022112704,59009.0,,202211270nyj,,401437864,6050.0,7,7,315.0,-375.0,8.5,-107.0,-103.0,36.5,-103.0,-109.0,0,outdoors,fieldturf,50.0,9.0,00-0032156,00-0034401,Trevor Siemian,Mike White,Matt Eberflus,Robert Saleh,John Hussey,NYC01,NYJ Stadium,2022-11-27,True
2022_12_CIN_TEN,2022,REG,12,2022-11-27,Sunday,13:00,CIN,20.0,TEN,16.0,Home,-4.0,36.0,0.0,2022112705,59010.0,,202211270oti,,401437865,6051.0,7,10,-105.0,-105.0,-1.0,102.0,-113.0,43.0,-118.0,105.0,0,outdoors,grass,56.0,14.0,00-0036442,00-0029701,Joe Burrow,Ryan Tannehill,Zac Taylor,Mike Vrabel,Carl Cheffers,NAS00,TEN Stadium,2022-11-27,True
2022_12_ATL_WAS,2022,REG,12,2022-11-27,Sunday,13:00,ATL,13.0,WAS,19.0,Home,6.0,32.0,0.0,2022112706,59011.0,,202211270was,,401437866,6052.0,7,7,163.0,-183.0,3.5,-110.0,-100.0,40.5,-114.0,101.0,0,outdoors,grass,46.0,9.0,00-0032268,00-0031800,Marcus Mariota,Taylor Heinicke,Arthur Smith,Ron Rivera,Brad Rogers,WAS00,WAS Stadium,2022-11-27,True
2022_12_LAC_ARI,2022,REG,12,2022-11-27,Sunday,16:05,LAC,25.0,ARI,24.0,Home,-1.0,49.0,0.0,2022112707,59012.0,,202211270crd,,401437867,6053.0,7,6,-136.0,123.0,-2.5,-108.0,-102.0,48.5,-100.0,-112.0,0,closed,grass,,,00-0036355,00-0035228,Justin Herbert,Kyler Murray,Brandon Staley,Kliff Kingsbury,Ron Torbert,PHO00,ARI Stadium,2022-11-27,True
2022_12_LV_SEA,2022,REG,12,2022-11-27,Sunday,16:05,LV,40.0,SEA,34.0,Home,-6.0,74.0,1.0,2022112708,59013.0,,202211270sea,,401437868,6054.0,7,14,174.0,-196.0,4.0,-107.0,-103.0,47.5,-103.0,-109.0,0,outdoors,fieldturf,44.0,8.0,00-0031280,00-0030565,Derek Carr,Geno Smith,Josh McDaniels,Pete Carroll,Brad Allen,SEA00,SEA Stadium,2022-11-27,True
2022_12_LA_KC,2022,REG,12,2022-11-27,Sunday,16:25,LA,10.0,KC,26.0,Home,16.0,36.0,0.0,2022112709,59014.0,,202211270kan,,401437869,6055.0,7,7,768.0,-1088.0,16.5,-115.0,105.0,42.0,-108.0,-104.0,0,outdoors,grass,44.0,6.0,00-0035939,00-0033873,Bryce Perkins,Patrick Mahomes,Sean McVay,Andy Reid,Adrian Hill,KAN00,KC Stadium,2022-11-27,True
2022_12_NO_SF,2022,REG,12,2022-11-27,Sunday,16:25,NO,0.0,SF,13.0,Home,13.0,13.0,0.0,2022112710,59015.0,,202211270sfo,,401437870,6056.0,7,6,327.0,-392.0,9.5,-113.0,103.0,44.0,-116.0,103.0,0,outdoors,grass,59.0,2.0,00-0027973,00-0031345,Andy Dalton,Jimmy Garoppolo,Dennis Allen,Kyle Shanahan,Shawn Hochuli,SFO01,SF Stadium,2022-11-27,True
2022_12_GB_PHI,2022,REG,12,2022-11-27,Sunday,20:20,GB,33.0,PHI,40.0,Home,7.0,73.0,0.0,2022112711,59016.0,,202211270phi,,401437871,6057.0,10,7,241.0,-278.0,6.5,-105.0,-105.0,46.0,-106.0,-106.0,0,outdoors,grass,62.0,24.0,00-0023459,00-0036389,Aaron Rodgers,Jalen Hurts,Matt LaFleur,Nick Sirianni,Shawn Smith,PHI00,PHI Stadium,2022-11-27,True
2022_12_PIT_IND,2022,REG,12,2022-11-28,Monday,20:15,PIT,24.0,IND,17.0,Home,-7.0,41.0,0.0,2022112800,59017.0,,202211280clt,,401437872,6058.0,8,8,116.0,-128.0,2.5,-110.0,-100.0,40.0,-114.0,101.0,0,closed,fieldturf,,,00-0038102,00-0026143,Kenny Pickett,Matt Ryan,Mike Tomlin,Jeff Saturday,Bill Vinovich,IND00,IND Stadium,2022-11-28,True
2022_13_BUF_NE,2022,REG,13,2022-12-01,Thursday,20:15,BUF,24.0,NE,10.0,Home,-14.0,34.0,0.0,2022120100,59018.0,,202212010nwe,,401437873,6059.0,7,7,-185.0,165.0,-3.5,-105.0,-105.0,43.5,-103.0,-109.0,1,outdoors,fieldturf,35.0,2.0,00-0034857,00-0036972,Josh Allen,Mac Jones,Sean McDermott,Bill Belichick,Shawn Hochuli,BOS00,NE Stadium,2022-12-01,True
2022_13_PIT_ATL,2022,REG,13,2022-12-04,Sunday,13:00,PIT,19.0,ATL,16.0,Home,-3.0,35.0,0.0,2022120400,59019.0,,202212040atl,,401437874,6060.0,6,7,-113.0,103.0,-1.0,-105.0,-105.0,43.0,-108.0,-104.0,0,closed,fieldturf,,,00-0038102,00-0032268,Kenny Pickett,Marcus Mariota,Mike Tomlin,Arthur Smith,Ron Torbert,ATL97,ATL Stadium,2022-12-04,True
2022_13_DEN_BAL,2022,REG,13,2022-12-04,Sunday,13:00,DEN,9.0,BAL,10.0,Home,1.0,19.0,0.0,2022120401,59020.0,,202212040rav,,401437875,6061.0,7,7,294.0,-347.0,9.5,-124.0,112.0,40.5,100.0,-113.0,0,outdoors,grass,63.0,8.0,00-0029263,00-0034796,Russell Wilson,Lamar Jackson,Nathaniel Hackett,John Harbaugh,Alex Kemp,BAL00,BAL Stadium,2022-12-04,True
2022_13_GB_CHI,2022,REG,13,2022-12-04,Sunday,13:00,GB,28.0,CHI,19.0,Home,-9.0,47.0,0.0,2022120402,59021.0,,202212040chi,,401437876,6062.0,7,7,-182.0,163.0,-4.0,105.0,-116.0,45.0,-114.0,101.0,1,outdoors,grass,38.0,12.0,00-0023459,00-0036945,Aaron Rodgers,Justin Fields,Matt LaFleur,Matt Eberflus,Scott Novak,CHI98,CHI Stadium,2022-12-04,True
2022_13_JAX_DET,2022,REG,13,2022-12-04,Sunday,13:00,JAX,14.0,DET,40.0,Home,26.0,54.0,0.0,2022120403,59022.0,,202212040det,,401437877,6063.0,7,10,107.0,-118.0,1.0,-100.0,-110.0,51.5,-114.0,101.0,0,dome,fieldturf,,,00-0036971,00-0033106,Trevor Lawrence,Jared Goff,Doug Pederson,Dan Campbell,Jerome Boger,DET00,DET Stadium,2022-12-04,True
2022_13_CLE_HOU,2022,REG,13,2022-12-04,Sunday,13:00,CLE,27.0,HOU,14.0,Home,-13.0,41.0,0.0,2022120404,59023.0,,202212040htx,,401437878,6064.0,7,7,-329.0,280.0,-7.5,-108.0,-102.0,47.0,-119.0,106.0,0,closed,astroturf,,,00-0033537,00-0034577,Deshaun Watson,Kyle Allen,Kevin Stefanski,Lovie Smith,Land Clark,HOU00,HOU Stadium,2022-12-04,True
2022_13_NYJ_MIN,2022,REG,13,2022-12-04,Sunday,13:00,NYJ,22.0,MIN,27.0,Home,5.0,49.0,0.0,2022120405,59024.0,,202212040min,,401437879,6065.0,7,10,132.0,-146.0,3.0,-117.0,106.0,44.0,-108.0,-104.0,0,dome,sportturf,,,00-0034401,00-0029604,Mike White,Kirk Cousins,Robert Saleh,Kevin O'Connell,Clete Blakeman,MIN01,MIN Stadium,2022-12-04,True
2022_13_WAS_NYG,2022,REG,13,2022-12-04,Sunday,13:00,WAS,20.0,NYG,20.0,Home,0.0,40.0,1.0,2022120406,59025.0,,202212040nyg,,401437880,6066.0,7,10,-124.0,113.0,-2.5,105.0,-116.0,40.0,-104.0,-108.0,1,outdoors,fieldturf,40.0,9.0,00-0031800,00-0035710,Taylor Heinicke,Daniel Jones,Ron Rivera,Brian Daboll,Brad Allen,NYC01,NYG Stadium,2022-12-04,True
2022_13_TEN_PHI,2022,REG,13,2022-12-04,Sunday,13:00,TEN,10.0,PHI,35.0,Home,25.0,45.0,0.0,2022120407,59026.0,,202212040phi,,401437881,6067.0,7,7,189.0,-213.0,5.0,-109.0,-101.0,44.5,101.0,-114.0,0,outdoors,grass,60.0,7.0,00-0029701,00-0036389,Ryan Tannehill,Jalen Hurts,Mike Vrabel,Nick Sirianni,Adrian Hill,PHI00,PHI Stadium,2022-12-04,True
2022_13_SEA_LA,2022,REG,13,2022-12-04,Sunday,16:05,SEA,27.0,LA,23.0,Home,-4.0,50.0,0.0,2022120408,59027.0,,202212040ram,,401437882,6068.0,7,7,-292.0,252.0,-7.0,107.0,-118.0,41.0,101.0,-114.0,1,dome,matrixturf,,,00-0030565,00-0034899,Geno Smith,John Wolford,Pete Carroll,Sean McVay,Shawn Smith,LAX01,LA Stadium,2022-12-04,True
2022_13_MIA_SF,2022,REG,13,2022-12-04,Sunday,16:05,MIA,17.0,SF,33.0,Home,16.0,50.0,0.0,2022120409,59028.0,,202212040sfo,,401437883,6069.0,7,7,196.0,-222.0,4.5,101.0,-111.0,46.0,-110.0,-102.0,0,outdoors,grass,38.0,6.0,00-0036212,00-0031345,Tua Tagovailoa,Jimmy Garoppolo,Mike McDaniel,Kyle Shanahan,Tra Blake,SFO01,SF Stadium,2022-12-04,True
2022_13_KC_CIN,2022,REG,13,2022-12-04,Sunday,16:25,KC,24.0,CIN,27.0,Home,3.0,51.0,0.0,2022120410,59029.0,,202212040cin,,401437884,6070.0,7,7,-132.0,120.0,-2.5,-108.0,-102.0,53.0,-107.0,-105.0,0,outdoors,fieldturf,57.0,2.0,00-0033873,00-0036442,Patrick Mahomes,Joe Burrow,Andy Reid,Zac Taylor,John Hussey,CIN00,CIN Stadium,2022-12-04,True
2022_13_LAC_LV,2022,REG,13,2022-12-04,Sunday,16:25,LAC,20.0,LV,27.0,Home,7.0,47.0,0.0,2022120411,59030.0,,202212040rai,,401437885,6071.0,7,7,125.0,-139.0,2.5,-102.0,-109.0,49.0,102.0,-114.0,1,dome,grass,,,00-0036355,00-0031280,Justin Herbert,Derek Carr,Brandon Staley,Josh McDaniels,Craig Wrolstad,VEG00,LV Stadium,2022-12-04,True
2022_13_IND_DAL,2022,REG,13,2022-12-04,Sunday,20:20,IND,19.0,DAL,54.0,Home,35.0,73.0,0.0,2022120412,59031.0,,202212040dal,,401437886,6072.0,6,10,376.0,-460.0,11.0,-109.0,-101.0,44.5,-104.0,-108.0,0,closed,matrixturf,,,00-0026143,00-0033077,Matt Ryan,Dak Prescott,Jeff Saturday,Mike McCarthy,Carl Cheffers,DAL00,DAL Stadium,2022-12-04,True
2022_13_NO_TB,2022,REG,13,2022-12-05,Monday,20:15,NO,16.0,TB,17.0,Home,1.0,33.0,0.0,2022120500,59032.0,,202212050tam,,401437887,6073.0,8,8,169.0,-190.0,3.5,-105.0,-105.0,41.0,-107.0,-105.0,1,outdoors,grass,69.0,2.0,00-0027973,00-0019596,Andy Dalton,Tom Brady,Dennis Allen,Todd Bowles,Clay Martin,TAM00,TB Stadium,2022-12-05,True
2022_14_LV_LA,2022,REG,14,2022-12-08,Thursday,20:15,LV,16.0,LA,17.0,Home,1.0,33.0,0.0,2022120800,59033.0,,202212080ram,,401437888,6074.0,4,4,-283.0,245.0,-6.5,-112.0,101.0,42.5,-115.0,102.0,0,dome,matrixturf,,,00-0031280,00-0034855,Derek Carr,Baker Mayfield,Josh McDaniels,Sean McVay,Brad Rogers,LAX01,LA Stadium,2022-12-08,True
2022_14_NYJ_BUF,2022,REG,14,2022-12-11,Sunday,13:00,NYJ,12.0,BUF,20.0,Home,8.0,32.0,0.0,2022121100,59034.0,,202212110buf,,401437889,6075.0,7,10,332.0,-398.0,10.0,-108.0,-102.0,43.5,-104.0,-108.0,1,outdoors,a_turf,36.0,11.0,00-0034401,00-0034857,Mike White,Josh Allen,Robert Saleh,Sean McDermott,Alex Kemp,BUF00,BUF Stadium,2022-12-11,True
2022_14_CLE_CIN,2022,REG,14,2022-12-11,Sunday,13:00,CLE,10.0,CIN,23.0,Home,13.0,33.0,0.0,2022121101,59035.0,,202212110cin,,401437890,6076.0,7,7,181.0,-204.0,4.5,-108.0,-102.0,47.0,-108.0,-105.0,1,outdoors,fieldturf,47.0,8.0,00-0033537,00-0036442,Deshaun Watson,Joe Burrow,Kevin Stefanski,Zac Taylor,Jerome Boger,CIN00,CIN Stadium,2022-12-11,True
2022_14_HOU_DAL,2022,REG,14,2022-12-11,Sunday,13:00,HOU,23.0,DAL,27.0,Home,4.0,50.0,0.0,2022121102,59036.0,,202212110dal,,401437891,6077.0,7,7,918.0,-1365.0,17.0,104.0,-115.0,44.5,-108.0,-104.0,0,closed,matrixturf,,,00-0036898,00-0033077,Davis Mills,Dak Prescott,Lovie Smith,Mike McCarthy,John Hussey,DAL00,DAL Stadium,2022-12-11,True
2022_14_MIN_DET,2022,REG,14,2022-12-11,Sunday,13:00,MIN,23.0,DET,34.0,Home,11.0,57.0,0.0,2022121103,59037.0,,202212110det,,401437892,6078.0,7,7,119.0,-132.0,2.5,-108.0,-102.0,51.5,-110.0,-102.0,1,dome,fieldturf,,,00-0029604,00-0033106,Kirk Cousins,Jared Goff,Kevin O'Connell,Dan Campbell,Ron Torbert,DET00,DET Stadium,2022-12-11,True
2022_14_PHI_NYG,2022,REG,14,2022-12-11,Sunday,13:00,PHI,48.0,NYG,22.0,Home,-26.0,70.0,0.0,2022121104,59038.0,,202212110nyg,,401437893,6079.0,7,7,-302.0,260.0,-7.5,104.0,-115.0,44.5,-109.0,-103.0,1,outdoors,fieldturf,37.0,6.0,00-0036389,00-0035710,Jalen Hurts,Daniel Jones,Nick Sirianni,Brian Daboll,Clete Blakeman,NYC01,NYG Stadium,2022-12-11,True
2022_14_BAL_PIT,2022,REG,14,2022-12-11,Sunday,13:00,BAL,16.0,PIT,14.0,Home,-2.0,30.0,0.0,2022121105,59039.0,,202212110pit,,401437894,6080.0,7,7,112.0,-124.0,1.5,-101.0,-109.0,37.0,-114.0,101.0,1,outdoors,grass,42.0,12.0,00-0035993,00-0038102,Tyler Huntley,Kenny Pickett,John Harbaugh,Mike Tomlin,Adrian Hill,PIT00,PIT Stadium,2022-12-11,True
2022_14_JAX_TEN,2022,REG,14,2022-12-11,Sunday,13:00,JAX,36.0,TEN,22.0,Home,-14.0,58.0,0.0,2022121106,59040.0,,202212110oti,,401437895,6081.0,7,7,151.0,-169.0,3.0,106.0,-117.0,42.0,-112.0,-101.0,1,outdoors,grass,54.0,8.0,00-0036971,00-0029701,Trevor Lawrence,Ryan Tannehill,Doug Pederson,Mike Vrabel,Clay Martin,NAS00,TEN Stadium,2022-12-11,True
2022_14_KC_DEN,2022,REG,14,2022-12-11,Sunday,16:05,KC,34.0,DEN,28.0,Home,-6.0,62.0,0.0,2022121110,59044.0,,202212110den,,401437899,6085.0,7,7,-394.0,329.0,-8.5,-108.0,-103.0,44.5,-112.0,-100.0,1,outdoors,grass,55.0,4.0,00-0033873,00-0029263,Patrick Mahomes,Russell Wilson,Andy Reid,Nathaniel Hackett,Craig Wrolstad,DEN00,DEN Stadium,2022-12-11,True
2022_14_CAR_SEA,2022,REG,14,2022-12-11,Sunday,16:25,CAR,30.0,SEA,24.0,Home,-6.0,54.0,0.0,2022121108,59042.0,,202212110sea,,401437898,6083.0,14,7,178.0,-200.0,3.5,106.0,-117.0,44.5,-109.0,-104.0,0,outdoors,fieldturf,45.0,4.0,00-0034869,00-0030565,Sam Darnold,Geno Smith,Steve Wilks,Pete Carroll,Bill Vinovich,SEA00,SEA Stadium,2022-12-11,True
2022_14_TB_SF,2022,REG,14,2022-12-11,Sunday,16:25,TB,7.0,SF,35.0,Home,28.0,42.0,0.0,2022121109,59043.0,,202212110sfo,,401437897,6084.0,6,7,175.0,-196.0,3.5,-107.0,-103.0,38.0,104.0,-117.0,0,outdoors,grass,54.0,8.0,00-0019596,00-0037834,Tom Brady,Brock Purdy,Todd Bowles,Kyle Shanahan,Brad Allen,SFO01,SF Stadium,2022-12-11,True
2022_14_MIA_LAC,2022,REG,14,2022-12-11,Sunday,20:20,MIA,17.0,LAC,23.0,Home,6.0,40.0,0.0,2022121107,59041.0,,202212110sdg,,401437896,6082.0,7,7,-163.0,146.0,-3.0,-113.0,102.0,54.5,-102.0,-110.0,0,dome,matrixturf,,,00-0036212,00-0036355,Tua Tagovailoa,Justin Herbert,Mike McDaniel,Brandon Staley,Scott Novak,LAX01,LAC Stadium,2022-12-11,True
2022_14_NE_ARI,2022,REG,14,2022-12-12,Monday,20:15,NE,27.0,ARI,13.0,Home,-14.0,40.0,0.0,2022121200,59045.0,,202212120crd,,401437900,6086.0,11,15,-125.0,113.0,-2.0,-104.0,-106.0,44.0,-103.0,-110.0,0,closed,grass,,,00-0036972,00-0035228,Mac Jones,Kyler Murray,Bill Belichick,Kliff Kingsbury,Shawn Smith,PHO00,ARI Stadium,2022-12-12,True
2022_15_SF_SEA,2022,REG,15,2022-12-15,Thursday,20:15,SF,21.0,SEA,13.0,Home,-8.0,34.0,0.0,2022121500,59046.0,,202212150sea,,401437901,6087.0,4,4,-169.0,152.0,-3.0,-115.0,104.0,43.0,-109.0,-103.0,1,outdoors,fieldturf,,,00-0037834,00-0030565,Brock Purdy,Geno Smith,Kyle Shanahan,Pete Carroll,Alex Kemp,SEA00,SEA Stadium,2022-12-15,True
2022_15_IND_MIN,2022,REG,15,2022-12-17,Saturday,13:00,IND,36.0,MIN,39.0,Home,3.0,75.0,1.0,2022121700,59049.0,,202212170min,,401437904,6090.0,13,6,168.0,-188.0,3.5,-103.0,-107.0,46.5,-107.0,-105.0,0,dome,sportturf,,,00-0026143,00-0029604,Matt Ryan,Kirk Cousins,Jeff Saturday,Kevin O'Connell,Tra Blake,MIN01,MIN Stadium,2022-12-17,True
2022_15_BAL_CLE,2022,REG,15,2022-12-17,Saturday,16:30,BAL,3.0,CLE,13.0,Home,10.0,16.0,0.0,2022121701,59048.0,,202212170cle,,401437903,6089.0,6,6,139.0,-155.0,2.5,113.0,-125.0,39.5,-107.0,-105.0,1,outdoors,grass,34.0,12.0,00-0035993,00-0033537,Tyler Huntley,Deshaun Watson,John Harbaugh,Kevin Stefanski,Brad Allen,CLE00,CLE Stadium,2022-12-17,True
2022_15_MIA_BUF,2022,REG,15,2022-12-17,Saturday,20:15,MIA,29.0,BUF,32.0,Home,3.0,61.0,0.0,2022121702,59047.0,,202212170buf,,401437902,6088.0,6,6,273.0,-320.0,7.0,-104.0,-106.0,44.0,106.0,-119.0,1,outdoors,a_turf,29.0,4.0,00-0036212,00-0034857,Tua Tagovailoa,Josh Allen,Mike McDaniel,Sean McDermott,Bill Vinovich,BUF00,BUF Stadium,2022-12-17,True
2022_15_PIT_CAR,2022,REG,15,2022-12-18,Sunday,13:00,PIT,24.0,CAR,16.0,Home,-8.0,40.0,0.0,2022121800,59052.0,,202212180car,,401437907,6093.0,7,7,130.0,-145.0,2.5,-100.0,-110.0,36.5,101.0,-114.0,0,outdoors,grass,47.0,7.0,00-0038102,00-0034869,Kenny Pickett,Sam Darnold,Mike Tomlin,Steve Wilks,Scott Novak,CAR00,CAR Stadium,2022-12-18,True
2022_15_PHI_CHI,2022,REG,15,2022-12-18,Sunday,13:00,PHI,25.0,CHI,20.0,Home,-5.0,45.0,0.0,2022121801,59053.0,,202212180chi,,401437908,6094.0,7,14,-386.0,323.0,-8.5,-104.0,-106.0,48.0,-110.0,-103.0,0,outdoors,grass,17.0,17.0,00-0036389,00-0036945,Jalen Hurts,Justin Fields,Nick Sirianni,Matt Eberflus,Brad Rogers,CHI98,CHI Stadium,2022-12-18,True
2022_15_KC_HOU,2022,REG,15,2022-12-18,Sunday,13:00,KC,30.0,HOU,24.0,Home,-6.0,54.0,1.0,2022121802,59054.0,,202212180htx,,401437909,6095.0,7,7,-755.0,572.0,-14.5,109.0,-120.0,48.5,-109.0,-103.0,0,closed,astroturf,,,00-0033873,00-0036898,Patrick Mahomes,Davis Mills,Andy Reid,Lovie Smith,Carl Cheffers,HOU00,HOU Stadium,2022-12-18,True
2022_15_DAL_JAX,2022,REG,15,2022-12-18,Sunday,13:00,DAL,34.0,JAX,40.0,Home,6.0,74.0,1.0,2022121803,59055.0,,202212180jax,,401437910,6096.0,7,7,-188.0,168.0,-4.0,100.0,-110.0,48.5,-103.0,-110.0,0,outdoors,grass,54.0,9.0,00-0033077,00-0036971,Dak Prescott,Trevor Lawrence,Mike McCarthy,Doug Pederson,Shawn Smith,JAX00,JAX Stadium,2022-12-18,True
2022_15_ATL_NO,2022,REG,15,2022-12-18,Sunday,13:00,ATL,18.0,NO,21.0,Home,3.0,39.0,0.0,2022121809,59050.0,,202212180nor,,401437905,6091.0,14,13,203.0,-231.0,5.0,103.0,-113.0,43.5,-109.0,-103.0,1,dome,sportturf,,,00-0038122,00-0027973,Desmond Ridder,Andy Dalton,Arthur Smith,Dennis Allen,Clete Blakeman,NOR00,NO Stadium,2022-12-18,True
2022_15_DET_NYJ,2022,REG,15,2022-12-18,Sunday,13:00,DET,20.0,NYJ,17.0,Home,-3.0,37.0,0.0,2022121804,59056.0,,202212180nyj,,401437911,6097.0,7,7,120.0,-132.0,2.0,-100.0,-110.0,44.0,-109.0,-103.0,0,outdoors,fieldturf,38.0,13.0,00-0033106,00-0037013,Jared Goff,Zach Wilson,Dan Campbell,Robert Saleh,Craig Wrolstad,NYC01,NYJ Stadium,2022-12-18,True
2022_15_ARI_DEN,2022,REG,15,2022-12-18,Sunday,16:05,ARI,15.0,DEN,24.0,Home,9.0,39.0,0.0,2022121805,59057.0,,202212180den,,401437912,6098.0,6,7,110.0,-121.0,1.5,-104.0,-106.0,37.5,-110.0,-103.0,0,outdoors,grass,37.0,4.0,00-0027688,00-0034955,Colt McCoy,Brett Rypien,Kliff Kingsbury,Nathaniel Hackett,Jerome Boger,DEN00,DEN Stadium,2022-12-18,True
2022_15_NE_LV,2022,REG,15,2022-12-18,Sunday,16:05,NE,24.0,LV,30.0,Home,6.0,54.0,0.0,2022121808,59060.0,,202212180rai,,401437915,6101.0,6,10,117.0,-129.0,1.0,111.0,-122.0,45.0,-105.0,-108.0,0,dome,grass,,,00-0036972,00-0031280,Mac Jones,Derek Carr,Bill Belichick,Josh McDaniels,Ron Torbert,VEG00,LV Stadium,2022-12-18,True
2022_15_TEN_LAC,2022,REG,15,2022-12-18,Sunday,16:25,TEN,14.0,LAC,17.0,Home,3.0,31.0,0.0,2022121806,59058.0,,202212180sdg,,401437913,6099.0,7,7,142.0,-158.0,3.0,-108.0,-102.0,46.5,-101.0,-112.0,0,dome,matrixturf,,,00-0029701,00-0036355,Ryan Tannehill,Justin Herbert,Mike Vrabel,Brandon Staley,Land Clark,LAX01,LAC Stadium,2022-12-18,True
2022_15_CIN_TB,2022,REG,15,2022-12-18,Sunday,16:25,CIN,34.0,TB,23.0,Home,-11.0,57.0,0.0,2022121807,59059.0,,202212180tam,,401437914,6100.0,7,7,-167.0,150.0,-3.5,108.0,-120.0,47.0,101.0,-114.0,0,outdoors,grass,66.0,6.0,00-0036442,00-0019596,Joe Burrow,Tom Brady,Zac Taylor,Todd Bowles,Adrian Hill,TAM00,TB Stadium,2022-12-18,True
2022_15_NYG_WAS,2022,REG,15,2022-12-18,Sunday,20:20,NYG,20.0,WAS,12.0,Home,-8.0,32.0,0.0,2022121810,59051.0,,202212180was,,401437906,6092.0,7,14,180.0,-203.0,4.5,-114.0,103.0,40.5,-104.0,-108.0,1,outdoors,grass,35.0,13.0,00-0035710,00-0031800,Daniel Jones,Taylor Heinicke,Brian Daboll,Ron Rivera,John Hussey,WAS00,WAS Stadium,2022-12-18,True
2022_15_LA_GB,2022,REG,15,2022-12-19,Monday,20:15,LA,12.0,GB,24.0,Home,12.0,36.0,0.0,2022121900,59061.0,,202212190gnb,,401437916,6102.0,11,15,301.0,-356.0,8.0,-111.0,101.0,39.5,-101.0,-111.0,0,outdoors,grass,15.0,4.0,00-0034855,00-0023459,Baker Mayfield,Aaron Rodgers,Sean McVay,Matt LaFleur,Shawn Hochuli,GNB00,GB Stadium,2022-12-19,True
2022_16_JAX_NYJ,2022,REG,16,2022-12-22,Thursday,20:15,JAX,19.0,NYJ,3.0,Home,-16.0,22.0,0.0,2022122200,59062.0,,202212220nyj,,401437917,6103.0,4,4,123.0,-136.0,2.5,-104.0,-106.0,36.5,-106.0,-106.0,0,outdoors,fieldturf,43.0,17.0,00-0036971,00-0037013,Trevor Lawrence,Zach Wilson,Doug Pederson,Robert Saleh,Brad Allen,NYC01,NYJ Stadium,2022-12-22,True
2022_16_ATL_BAL,2022,REG,16,2022-12-24,Saturday,13:00,ATL,9.0,BAL,17.0,Home,8.0,26.0,0.0,2022122400,59063.0,,202212240rav,,401437918,6104.0,6,7,238.0,-274.0,6.5,-108.0,-102.0,35.0,-105.0,-107.0,0,outdoors,grass,17.0,9.0,00-0038122,00-0035993,Desmond Ridder,Tyler Huntley,Arthur Smith,John Harbaugh,Bill Vinovich,BAL00,BAL Stadium,2022-12-24,True
2022_16_DET_CAR,2022,REG,16,2022-12-24,Saturday,13:00,DET,23.0,CAR,37.0,Home,14.0,60.0,0.0,2022122401,59064.0,,202212240car,,401437919,6105.0,6,6,-129.0,117.0,-2.5,101.0,-111.0,43.5,-112.0,-100.0,0,outdoors,grass,20.0,12.0,00-0033106,00-0034869,Jared Goff,Sam Darnold,Dan Campbell,Steve Wilks,Shawn Hochuli,CAR00,CAR Stadium,2022-12-24,True
2022_16_BUF_CHI,2022,REG,16,2022-12-24,Saturday,13:00,BUF,35.0,CHI,13.0,Home,-22.0,48.0,0.0,2022122402,59065.0,,202212240chi,,401437920,6106.0,7,6,-360.0,304.0,-8.0,-110.0,-100.0,40.0,102.0,-115.0,0,outdoors,grass,7.0,17.0,00-0034857,00-0036945,Josh Allen,Justin Fields,Sean McDermott,Matt Eberflus,Carl Cheffers,CHI98,CHI Stadium,2022-12-24,True
2022_16_NO_CLE,2022,REG,16,2022-12-24,Saturday,13:00,NO,17.0,CLE,10.0,Home,-7.0,27.0,0.0,2022122403,59066.0,,202212240cle,,401437921,6107.0,6,7,162.0,-181.0,3.0,111.0,-123.0,32.0,-108.0,-104.0,0,outdoors,grass,6.0,27.0,00-0027973,00-0033537,Andy Dalton,Deshaun Watson,Dennis Allen,Kevin Stefanski,Brad Rogers,CLE00,CLE Stadium,2022-12-24,True
2022_16_SEA_KC,2022,REG,16,2022-12-24,Saturday,13:00,SEA,10.0,KC,24.0,Home,14.0,34.0,0.0,2022122404,59067.0,,202212240kan,,401437922,6108.0,9,6,367.0,-447.0,10.5,-107.0,-103.0,50.5,-105.0,-107.0,0,outdoors,grass,12.0,9.0,00-0030565,00-0033873,Geno Smith,Patrick Mahomes,Pete Carroll,Andy Reid,Clete Blakeman,KAN00,KC Stadium,2022-12-24,True
2022_16_NYG_MIN,2022,REG,16,2022-12-24,Saturday,13:00,NYG,24.0,MIN,27.0,Home,3.0,51.0,0.0,2022122405,59068.0,,202212240min,,401437923,6109.0,6,7,191.0,-215.0,4.5,-102.0,-108.0,48.0,-109.0,-104.0,0,dome,sportturf,,,00-0035710,00-0029604,Daniel Jones,Kirk Cousins,Brian Daboll,Kevin O'Connell,Adrian Hill,MIN01,MIN Stadium,2022-12-24,True
2022_16_CIN_NE,2022,REG,16,2022-12-24,Saturday,13:00,CIN,22.0,NE,18.0,Home,-4.0,40.0,0.0,2022122406,59069.0,,202212240nwe,,401437924,6110.0,6,6,-151.0,136.0,-3.0,100.0,-110.0,42.0,-109.0,-103.0,0,outdoors,fieldturf,21.0,2.0,00-0036442,00-0036972,Joe Burrow,Mac Jones,Zac Taylor,Bill Belichick,Craig Wrolstad,BOS00,NE Stadium,2022-12-24,True
2022_16_HOU_TEN,2022,REG,16,2022-12-24,Saturday,14:00,HOU,19.0,TEN,14.0,Home,-5.0,33.0,0.0,2022122407,59070.0,,202212240oti,,401437925,6111.0,6,6,153.0,-170.0,3.0,103.0,-113.0,34.0,-111.0,-101.0,1,outdoors,grass,22.0,14.0,00-0036898,00-0038128,Davis Mills,Malik Willis,Lovie Smith,Mike Vrabel,Shawn Smith,NAS00,TEN Stadium,2022-12-24,True
2022_16_WAS_SF,2022,REG,16,2022-12-24,Saturday,16:05,WAS,20.0,SF,37.0,Home,17.0,57.0,0.0,2022122408,59071.0,,202212240sfo,,401437926,6112.0,6,9,241.0,-279.0,6.5,-107.0,-103.0,37.5,-114.0,102.0,0,outdoors,grass,54.0,2.0,00-0031800,00-0037834,Taylor Heinicke,Brock Purdy,Ron Rivera,Kyle Shanahan,Jerome Boger,SFO01,SF Stadium,2022-12-24,True
2022_16_PHI_DAL,2022,REG,16,2022-12-24,Saturday,16:25,PHI,34.0,DAL,40.0,Home,6.0,74.0,0.0,2022122409,59072.0,,202212240dal,,401437927,6113.0,6,6,178.0,-200.0,4.0,-104.0,-106.0,48.0,-112.0,-101.0,1,closed,matrixturf,,,00-0035289,00-0033077,Gardner Minshew,Dak Prescott,Nick Sirianni,Mike McCarthy,Alex Kemp,DAL00,DAL Stadium,2022-12-24,True
2022_16_LV_PIT,2022,REG,16,2022-12-24,Saturday,20:15,LV,10.0,PIT,13.0,Home,3.0,23.0,0.0,2022122410,59073.0,,202212240pit,,401437928,6114.0,6,6,127.0,-141.0,2.5,-108.0,-102.0,38.5,-110.0,-102.0,0,outdoors,grass,9.0,21.0,00-0031280,00-0038102,Derek Carr,Kenny Pickett,Josh McDaniels,Mike Tomlin,Tra Blake,PIT00,PIT Stadium,2022-12-24,True
2022_16_GB_MIA,2022,REG,16,2022-12-25,Sunday,13:00,GB,26.0,MIA,20.0,Home,-6.0,46.0,0.0,2022122500,59074.0,,202212250mia,,401437929,6115.0,6,8,163.0,-182.0,3.5,-107.0,-103.0,49.0,-103.0,-109.0,0,outdoors,grass,45.0,14.0,00-0023459,00-0036212,Aaron Rodgers,Tua Tagovailoa,Matt LaFleur,Mike McDaniel,Land Clark,MIA00,MIA Stadium,2022-12-25,True
2022_16_DEN_LA,2022,REG,16,2022-12-25,Sunday,16:30,DEN,14.0,LA,51.0,Home,37.0,65.0,0.0,2022122501,59075.0,,202212250ram,,401436983,6116.0,7,6,-173.0,155.0,-3.0,-116.0,105.0,36.5,-109.0,-103.0,0,dome,matrixturf,,,00-0029263,00-0034855,Russell Wilson,Baker Mayfield,Nathaniel Hackett,Sean McVay,Ron Torbert,LAX01,LA Stadium,2022-12-25,True
2022_16_TB_ARI,2022,REG,16,2022-12-25,Sunday,20:20,TB,19.0,ARI,16.0,Home,-3.0,35.0,1.0,2022122502,59076.0,,202212250crd,,401437930,6117.0,7,7,-320.0,273.0,-7.5,102.0,-113.0,41.5,-104.0,-108.0,0,open,grass,,,00-0019596,00-0035146,Tom Brady,Trace McSorley,Todd Bowles,Kliff Kingsbury,John Hussey,PHO00,ARI Stadium,2022-12-25,True
2022_16_LAC_IND,2022,REG,16,2022-12-26,Monday,20:15,LAC,20.0,IND,3.0,Home,-17.0,23.0,0.0,2022122600,59077.0,,202212260clt,,401437931,6118.0,8,9,-185.0,165.0,-3.5,-102.0,-108.0,44.5,-103.0,-109.0,0,closed,fieldturf,,,00-0036355,00-0029567,Justin Herbert,Nick Foles,Brandon Staley,Jeff Saturday,Clay Martin,IND00,IND Stadium,2022-12-26,True
2022_17_DAL_TEN,2022,REG,17,2022-12-29,Thursday,20:15,DAL,27.0,TEN,13.0,Home,-14.0,40.0,0.0,2022122900,59078.0,,202212290oti,,401437932,6119.0,5,5,-741.0,563.0,-14.0,-100.0,-110.0,41.0,-113.0,101.0,0,outdoors,grass,56.0,4.0,00-0033077,00-0033949,Dak Prescott,Joshua Dobbs,Mike McCarthy,Mike Vrabel,Shawn Hochuli,NAS00,TEN Stadium,2022-12-29,True
2022_17_ARI_ATL,2022,REG,17,2023-01-01,Sunday,13:00,ARI,19.0,ATL,20.0,Home,1.0,39.0,0.0,2023010100,59079.0,,202301010atl,,401437933,6120.0,7,8,241.0,-279.0,7.0,-119.0,108.0,41.0,-113.0,100.0,0,closed,fieldturf,,,00-0035040,00-0038122,David Blough,Desmond Ridder,Kliff Kingsbury,Arthur Smith,Alex Kemp,ATL97,ATL Stadium,2023-01-01,True
2022_17_CHI_DET,2022,REG,17,2023-01-01,Sunday,13:00,CHI,10.0,DET,41.0,Home,31.0,51.0,0.0,2023010102,59081.0,,202301010det,,401437935,6122.0,8,8,194.0,-219.0,4.5,-105.0,-105.0,52.5,-111.0,-101.0,1,dome,fieldturf,,,00-0036945,00-0033106,Justin Fields,Jared Goff,Matt Eberflus,Dan Campbell,Adrian Hill,DET00,DET Stadium,2023-01-01,True
2022_17_JAX_HOU,2022,REG,17,2023-01-01,Sunday,13:00,JAX,31.0,HOU,3.0,Home,-28.0,34.0,0.0,2023010103,59082.0,,202301010htx,,401437936,6123.0,10,8,-187.0,167.0,-3.5,-104.0,-106.0,43.0,102.0,-115.0,1,closed,astroturf,,,00-0036971,00-0036898,Trevor Lawrence,Davis Mills,Doug Pederson,Lovie Smith,Scott Novak,HOU00,HOU Stadium,2023-01-01,True
2022_17_DEN_KC,2022,REG,17,2023-01-01,Sunday,13:00,DEN,24.0,KC,27.0,Home,3.0,51.0,0.0,2023010104,59083.0,,202301010kan,,401437937,6124.0,7,8,544.0,-711.0,13.5,-114.0,104.0,46.0,-104.0,-108.0,1,outdoors,grass,47.0,2.0,00-0029263,00-0033873,Russell Wilson,Patrick Mahomes,Jay Rosburg,Andy Reid,Tra Blake,KAN00,KC Stadium,2023-01-01,True
2022_17_MIA_NE,2022,REG,17,2023-01-01,Sunday,13:00,MIA,21.0,NE,23.0,Home,2.0,44.0,0.0,2023010105,59084.0,,202301010nwe,,401437938,6125.0,7,8,144.0,-160.0,3.0,-106.0,-104.0,41.5,-107.0,-105.0,1,outdoors,fieldturf,53.0,2.0,00-0031237,00-0036972,Teddy Bridgewater,Mac Jones,Mike McDaniel,Bill Belichick,Brad Allen,BOS00,NE Stadium,2023-01-01,True
2022_17_IND_NYG,2022,REG,17,2023-01-01,Sunday,13:00,IND,10.0,NYG,38.0,Home,28.0,48.0,0.0,2023010106,59085.0,,202301010nyg,,401437939,6126.0,6,8,202.0,-229.0,5.5,-105.0,-105.0,38.5,-103.0,-109.0,0,outdoors,fieldturf,52.0,14.0,00-0029567,00-0035710,Nick Foles,Daniel Jones,Jeff Saturday,Brian Daboll,Craig Wrolstad,NYC01,NYG Stadium,2023-01-01,True
2022_17_NO_PHI,2022,REG,17,2023-01-01,Sunday,13:00,NO,20.0,PHI,10.0,Home,-10.0,30.0,0.0,2023010107,59086.0,,202301010phi,,401437940,6127.0,8,8,198.0,-225.0,5.5,-110.0,-100.0,41.5,101.0,-113.0,0,outdoors,grass,54.0,11.0,00-0027973,00-0035289,Andy Dalton,Gardner Minshew,Dennis Allen,Nick Sirianni,Jerome Boger,PHI00,PHI Stadium,2023-01-01,True
2022_17_CAR_TB,2022,REG,17,2023-01-01,Sunday,13:00,CAR,24.0,TB,30.0,Home,6.0,54.0,0.0,2023010108,59087.0,,202301010tam,,401437941,6128.0,8,7,164.0,-184.0,3.5,-110.0,-100.0,40.5,-103.0,-109.0,1,outdoors,grass,75.0,2.0,00-0034869,00-0019596,Sam Darnold,Tom Brady,Steve Wilks,Todd Bowles,Brad Rogers,TAM00,TB Stadium,2023-01-01,True
2022_17_CLE_WAS,2022,REG,17,2023-01-01,Sunday,13:00,CLE,24.0,WAS,10.0,Home,-14.0,34.0,0.0,2023010109,59088.0,,202301010was,,401437942,6129.0,8,8,106.0,-117.0,1.0,-101.0,-110.0,41.5,-109.0,-103.0,0,outdoors,grass,59.0,9.0,00-0033537,00-0032950,Deshaun Watson,Carson Wentz,Kevin Stefanski,Ron Rivera,Bill Vinovich,WAS00,WAS Stadium,2023-01-01,True
2022_17_SF_LV,2022,REG,17,2023-01-01,Sunday,16:05,SF,37.0,LV,34.0,Home,-3.0,71.0,1.0,2023010110,59089.0,,202301010rai,,401437943,6130.0,8,8,-453.0,371.0,-10.0,-103.0,-107.0,41.5,-107.0,-105.0,0,dome,grass,,,00-0037834,00-0035264,Brock Purdy,Jarrett Stidham,Kyle Shanahan,Josh McDaniels,Clay Martin,VEG00,LV Stadium,2023-01-01,True
2022_17_NYJ_SEA,2022,REG,17,2023-01-01,Sunday,16:05,NYJ,6.0,SEA,23.0,Home,17.0,29.0,0.0,2023010111,59090.0,,202301010sea,,401437944,6131.0,10,8,-113.0,102.0,-1.0,-105.0,-105.0,43.0,-103.0,-109.0,0,outdoors,fieldturf,45.0,2.0,00-0034401,00-0030565,Mike White,Geno Smith,Robert Saleh,Pete Carroll,Ron Torbert,SEA00,SEA Stadium,2023-01-01,True
2022_17_MIN_GB,2022,REG,17,2023-01-01,Sunday,16:25,MIN,17.0,GB,41.0,Home,24.0,58.0,0.0,2023010112,59091.0,,202301010gnb,,401437945,6132.0,8,7,155.0,-173.0,3.0,106.0,-117.0,47.5,-103.0,-109.0,1,outdoors,grass,39.0,7.0,00-0029604,00-0023459,Kirk Cousins,Aaron Rodgers,Kevin O'Connell,Matt LaFleur,Carl Cheffers,GNB00,GB Stadium,2023-01-01,True
2022_17_LA_LAC,2022,REG,17,2023-01-01,Sunday,16:25,LA,10.0,LAC,31.0,Home,21.0,41.0,0.0,2023010113,59092.0,,202301010sdg,,401437946,6133.0,7,6,244.0,-283.0,6.5,-102.0,-108.0,41.5,-112.0,-100.0,0,dome,matrixturf,,,00-0034855,00-0036355,Baker Mayfield,Justin Herbert,Sean McVay,Brandon Staley,Clete Blakeman,LAX01,LAC Stadium,2023-01-01,True
2022_17_PIT_BAL,2022,REG,17,2023-01-01,Sunday,20:20,PIT,16.0,BAL,13.0,Home,-3.0,29.0,0.0,2023010101,59080.0,,202301010rav,,401437934,6121.0,8,8,110.0,-121.0,1.0,102.0,-113.0,35.5,-105.0,-107.0,1,outdoors,grass,44.0,2.0,00-0038102,00-0035993,Kenny Pickett,Tyler Huntley,Mike Tomlin,John Harbaugh,Land Clark,BAL00,BAL Stadium,2023-01-01,True
2022_18_KC_LV,2022,REG,18,2023-01-07,Saturday,16:30,KC,31.0,LV,13.0,Home,-18.0,44.0,0.0,2023010700,59107.0,,202301070rai,,401437961,6148.0,6,6,-407.0,338.0,-9.0,-105.0,-105.0,51.5,-108.0,-104.0,1,dome,grass,,,00-0033873,00-0035264,Patrick Mahomes,Jarrett Stidham,Andy Reid,Josh McDaniels,Scott Novak,VEG00,LV Stadium,2023-01-07,True
2022_18_TEN_JAX,2022,REG,18,2023-01-07,Saturday,20:15,TEN,16.0,JAX,20.0,Home,4.0,36.0,0.0,2023010701,59100.0,,202301070jax,,401437954,6141.0,9,6,227.0,-260.0,6.0,-106.0,-104.0,39.5,-106.0,-106.0,1,outdoors,grass,56.0,4.0,00-0033949,00-0036971,Joshua Dobbs,Trevor Lawrence,Mike Vrabel,Doug Pederson,Bill Vinovich,JAX00,JAX Stadium,2023-01-07,True
2022_18_TB_ATL,2022,REG,18,2023-01-08,Sunday,13:00,TB,17.0,ATL,30.0,Home,13.0,47.0,0.0,2023010800,59094.0,,202301080atl,,401437948,6135.0,7,7,207.0,-235.0,6.0,-110.0,100.0,40.5,-106.0,-106.0,1,closed,fieldturf,,,00-0027948,00-0038122,Blaine Gabbert,Desmond Ridder,Todd Bowles,Arthur Smith,Land Clark,ATL97,ATL Stadium,2023-01-08,True
2022_18_NE_BUF,2022,REG,18,2023-01-08,Sunday,13:00,NE,23.0,BUF,35.0,Home,12.0,58.0,0.0,2023010801,59095.0,,202301080buf,,401437949,6136.0,7,6,314.0,-373.0,8.0,104.0,-115.0,44.0,-104.0,-108.0,1,outdoors,a_turf,30.0,6.0,00-0036972,00-0034857,Mac Jones,Josh Allen,Bill Belichick,Sean McDermott,Clay Martin,BUF00,BUF Stadium,2023-01-08,True
2022_18_MIN_CHI,2022,REG,18,2023-01-08,Sunday,13:00,MIN,29.0,CHI,13.0,Home,-16.0,42.0,0.0,2023010802,59096.0,,202301080chi,,401437950,6137.0,7,7,-260.0,227.0,-6.5,-104.0,-106.0,42.5,-103.0,-109.0,1,outdoors,grass,32.0,2.0,00-0029604,00-0033958,Kirk Cousins,Nathan Peterman,Kevin O'Connell,Matt Eberflus,Brad Allen,CHI98,CHI Stadium,2023-01-08,True
2022_18_BAL_CIN,2022,REG,18,2023-01-08,Sunday,13:00,BAL,16.0,CIN,27.0,Home,11.0,43.0,0.0,2023010803,59097.0,,202301080cin,,401437951,6138.0,7,6,474.0,-603.0,11.0,105.0,-116.0,39.0,-102.0,-110.0,1,outdoors,fieldturf,38.0,7.0,00-0037175,00-0036442,Anthony Brown,Joe Burrow,John Harbaugh,Zac Taylor,Ron Torbert,CIN00,CIN Stadium,2023-01-08,True
2022_18_HOU_IND,2022,REG,18,2023-01-08,Sunday,13:00,HOU,32.0,IND,31.0,Home,-1.0,63.0,0.0,2023010805,59099.0,,202301080clt,,401437953,6140.0,7,7,128.0,-142.0,3.0,-119.0,108.0,38.0,-111.0,-101.0,1,closed,fieldturf,,,00-0036898,00-0036879,Davis Mills,Sam Ehlinger,Lovie Smith,Jeff Saturday,Jerome Boger,IND00,IND Stadium,2023-01-08,True
2022_18_NYJ_MIA,2022,REG,18,2023-01-08,Sunday,13:00,NYJ,6.0,MIA,11.0,Home,5.0,17.0,0.0,2023010807,59101.0,,202301080mia,,401437955,6142.0,7,7,178.0,-200.0,3.5,-103.0,-107.0,37.5,-110.0,-103.0,1,outdoors,grass,75.0,9.0,00-0026158,00-0037327,Joe Flacco,Skylar Thompson,Robert Saleh,Mike McDaniel,John Hussey,MIA00,MIA Stadium,2023-01-08,True
2022_18_CAR_NO,2022,REG,18,2023-01-08,Sunday,13:00,CAR,10.0,NO,7.0,Home,-3.0,17.0,0.0,2023010808,59102.0,,202301080nor,,401437956,6143.0,7,7,160.0,-179.0,3.5,-114.0,103.0,41.5,-107.0,-105.0,1,dome,sportturf,,,00-0034869,00-0027973,Sam Darnold,Andy Dalton,Steve Wilks,Dennis Allen,Alex Kemp,NOR00,NO Stadium,2023-01-08,True
2022_18_CLE_PIT,2022,REG,18,2023-01-08,Sunday,13:00,CLE,14.0,PIT,28.0,Home,14.0,42.0,0.0,2023010810,59104.0,,202301080pit,,401437958,6145.0,7,7,128.0,-142.0,2.5,-101.0,-109.0,40.0,-106.0,-106.0,1,outdoors,grass,36.0,8.0,00-0033537,00-0038102,Deshaun Watson,Kenny Pickett,Kevin Stefanski,Mike Tomlin,Clete Blakeman,PIT00,PIT Stadium,2023-01-08,True
2022_18_LAC_DEN,2022,REG,18,2023-01-08,Sunday,16:25,LAC,28.0,DEN,31.0,Home,3.0,59.0,0.0,2023010812,59106.0,,202301080den,,401437960,6147.0,7,7,222.0,-254.0,6.0,-104.0,-106.0,38.5,-103.0,-110.0,1,outdoors,grass,43.0,4.0,00-0036355,00-0029263,Justin Herbert,Russell Wilson,Brandon Staley,Jay Rosburg,Shawn Hochuli,DEN00,DEN Stadium,2023-01-08,True
2022_18_NYG_PHI,2022,REG,18,2023-01-08,Sunday,16:25,NYG,16.0,PHI,22.0,Home,6.0,38.0,0.0,2023010809,59103.0,,202301080phi,,401437957,6144.0,7,7,858.0,-1252.0,16.5,-103.0,-107.0,42.5,-105.0,-107.0,1,outdoors,grass,43.0,12.0,00-0033550,00-0036389,Davis Webb,Jalen Hurts,Brian Daboll,Nick Sirianni,Carl Cheffers,PHI00,PHI Stadium,2023-01-08,True
2022_18_LA_SEA,2022,REG,18,2023-01-08,Sunday,16:25,LA,16.0,SEA,19.0,Home,3.0,35.0,1.0,2023010814,59108.0,,202301080sea,,401437963,6149.0,7,7,198.0,-224.0,5.5,-112.0,102.0,41.5,-101.0,-111.0,1,outdoors,fieldturf,45.0,4.0,00-0034855,00-0030565,Baker Mayfield,Geno Smith,Sean McVay,Pete Carroll,Craig Wrolstad,SEA00,SEA Stadium,2023-01-08,True
2022_18_ARI_SF,2022,REG,18,2023-01-08,Sunday,16:25,ARI,13.0,SF,38.0,Home,25.0,51.0,0.0,2023010815,59109.0,,202301080sfo,,401437962,6150.0,7,7,753.0,-1061.0,14.0,100.0,-111.0,40.0,-107.0,-105.0,1,outdoors,grass,57.0,2.0,00-0035040,00-0037834,David Blough,Brock Purdy,Kliff Kingsbury,Kyle Shanahan,Adrian Hill,SFO01,SF Stadium,2023-01-08,True
2022_18_DAL_WAS,2022,REG,18,2023-01-08,Sunday,16:25,DAL,6.0,WAS,26.0,Home,20.0,32.0,0.0,2023010811,59105.0,,202301080was,,401437959,6146.0,10,7,-320.0,274.0,-7.5,-100.0,-110.0,40.5,-104.0,-108.0,1,outdoors,grass,42.0,7.0,00-0033077,00-0037077,Dak Prescott,Sam Howell,Mike McCarthy,Ron Rivera,Tra Blake,WAS00,WAS Stadium,2023-01-08,True
2022_18_DET_GB,2022,REG,18,2023-01-08,Sunday,20:20,DET,20.0,GB,16.0,Home,-4.0,36.0,0.0,2023010804,59098.0,,202301080gnb,,401437952,6139.0,7,7,237.0,-273.0,5.5,-110.0,-100.0,49.0,-113.0,101.0,1,outdoors,grass,21.0,4.0,00-0033106,00-0023459,Jared Goff,Aaron Rodgers,Dan Campbell,Matt LaFleur,Brad Rogers,GNB00,GB Stadium,2023-01-08,True
